Unique_ID,Similarity_Score
0,0.9311330297405958
1,0.9530315671847922
2,0.9438633854180202
3,0.9405663146320996
4,0.9738000038515691
5,0.9515564572171308
6,0.914932827119156
7,0.9829966000735066
8,0.9642302092857793
9,0.9794277089525331
10,0.9176880120017938
11,0.9561976951301381
12,0.9499714983434366
13,0.9746878556847381
14,0.9573542853406406
15,0.9597691436835131
16,0.9458999102301132
17,0.9556500521326065
18,0.983757305344764
19,0.9607306387709651
20,0.9364292300060327
21,0.9360684217204943
22,0.9589940925857435
23,0.9321787199828957
24,0.9511930947068223
25,0.9628291751027124
26,0.9391969841317651
27,0.9678862265442938
28,0.9381267146445152
29,0.9562071728208839
30,0.9244658578537217
31,0.8764573332027717
32,0.9803725652455825
33,0.9725878801772038
34,0.9515989400241323
35,0.9323641212966343
36,0.9729216233179154
37,0.9600607025844121
38,0.9075374231463472
39,0.9635308917735281
40,0.9498392777765827
41,0.9465670890064459
42,0.964169505862501
43,0.9753904814696285
44,0.9578043603202068
45,0.9659547350055376
46,0.9534306311193654
47,0.9176005809120998
48,0.9572492774264121
49,0.9468440518239372
50,0.9595140002360685
51,0.9442466492500048
52,0.908432866644595
53,0.9219362231118661
54,0.96113562507023
55,0.972165053827625
56,0.9543021612000846
57,0.9352056079479092
58,0.9831780833655607
59,0.9328445131691186
60,0.9678715200950169
61,0.9745500267761195
62,0.9617892135212918
63,0.9332205147382769
64,0.9226779149538621
65,0.9066275217755843
66,0.9357378712009905
67,0.9625834029175
68,0.9650944880870462
69,0.9590773406941371
70,0.9416259213641632
71,0.9155758498486534
72,0.9312006668003933
73,0.9587469678518816
74,0.8962785656152402
75,0.9336072449451847
76,0.9527176990733502
77,0.9524886608594103
78,0.9521642232575466
79,0.9379180627387115
80,0.9313315299724303
81,0.9406547718851848
82,0.9646482812039715
83,0.8949888762479216
84,0.9067363902849617
85,0.8887682927116615
86,0.9518045066700284
87,0.9761701330359202
88,0.9732767437538541
89,0.9699233117980898
90,0.9379040167697836
91,0.9306326796349769
92,0.6854214338712972
93,0.9528982510066681
94,0.9626824971968568
95,0.9349118106382773
96,0.8575907044208932
97,0.9400710781922754
98,0.9410436640693443
99,0.9449175639693597
100,0.9196573636848298
101,0.9306592982435666
102,0.9200454227020566
103,0.9734337575117178
104,0.9637213614796352
105,0.9626112301022736
106,0.9132160176515173
107,0.9440868481168468
108,0.838109101437596
109,0.9501443555029593
110,0.940713807916599
111,0.9257092519195655
112,0.970468540992356
113,0.9454348496177939
114,0.9215866921741276
115,0.981486335501489
116,0.9249089748922849
117,0.9235445087048488
118,0.9665398202164515
119,0.9566365795388709
120,0.9198124757441966
121,0.9702752422732226
122,0.9829522679570929
123,0.9393050819826474
124,0.9418782695662714
125,0.9398883676914009
126,0.9780640152896409
127,0.9118589858904531
128,0.9447688801426651
129,0.9401367846690656
130,0.9598686235514848
131,0.9573251263392818
132,0.9567998867759926
133,0.9436703710316817
134,0.9421042117132727
135,0.9753942557219091
136,0.9420529303162954
137,0.9441492340257925
138,0.9609800338399902
139,0.9381308350464254
140,0.9353877283773354
141,0.9535142076342893
142,0.875153923335892
143,0.9002183275228729
144,0.9657116641592912
145,0.9555469942843108
146,0.9856547704112181
147,0.9600164174896177
148,0.974124724881064
149,0.9540416757148308
150,0.9781183877158148
151,0.9447405873050396
152,0.9364795706763344
153,0.9600343353047114
154,0.9520409707337951
155,0.9590152592167503
156,0.9794545189675568
157,0.9605395447023881
158,0.9347750344056146
159,0.9819569518730423
160,0.9577162426620432
161,0.9802331486906721
162,0.9230616343198453
163,0.9442061434812803
164,0.9347095748316946
165,0.9474195549620944
166,0.9431754419342594
167,0.9490087974143978
168,0.9600132900198168
169,0.9485422089975206
170,0.9305666528789538
171,0.933505516813157
172,0.947568521045798
173,0.9326727506725689
174,0.8618213479998857
175,0.9816922160587525
176,0.9603605562491561
177,0.9702571299281029
178,0.9350538223332235
179,0.9720260242964143
180,0.8863446532323711
181,0.9868216075918085
182,0.9651197003505705
183,0.9489950426431416
184,0.9442333339445875
185,0.9369538804925778
186,0.9077349828364897
187,0.9116271086245384
188,0.9666964203191355
189,0.9468709973552818
190,0.9815640256382121
191,0.9370980807519917
192,0.9399573753098481
193,0.9703032458461152
194,0.9528485510754316
195,0.9139924585249137
196,0.956912336965302
197,0.9460543285607714
198,0.9518618386125202
199,0.9669092547028555
200,0.9420562954764642
201,0.8758670092077555
202,0.9372104071453479
203,0.9296299530630179
204,0.9587792148738268
205,0.964553338758322
206,0.9712362991903034
207,0.957130508880607
208,0.933268683221513
209,0.9546117853633822
210,0.8832238820699786
211,0.9536737415933326
212,0.9051193599818111
213,0.9171400208032058
214,0.9140777155534856
215,0.9368298520847029
216,0.9432606767577345
217,0.9490433697368513
218,0.9640695161383204
219,0.9319049359013202
220,0.9618632343538047
221,0.95864871023439
222,0.9539800192763332
223,0.9401293591723422
224,0.924941534207702
225,0.948850107192768
226,0.9007535266754951
227,0.7891203491804952
228,0.9523471155715759
229,0.9024190697427463
230,0.9478458416786597
231,0.9579789278496725
232,0.9411360879324838
233,0.9491787469922993
234,0.9754665090268344
235,0.9624501466492431
236,0.9787471442513872
237,0.9564853288719154
238,0.9530985182085763
239,0.945269823549725
240,0.9430595733154508
241,0.9613426687631913
242,0.9567536861513904
243,0.932080638179971
244,0.9559143680211462
245,0.9701078654215457
246,0.9611688865029342
247,0.9546348678413112
248,0.9640826463553704
249,0.9130132447765315
250,0.9679237987150895
251,0.9507223464879244
252,0.9058232958567419
253,0.9195741612995914
254,0.9598950648257284
255,0.948507352310938
256,0.9210508124787341
257,0.8914211111320172
258,0.9052433697979018
259,0.9606923766815425
260,0.9492724037442873
261,0.9637220142903729
262,0.9422256829687936
263,0.9548638936560304
264,0.9724621906912232
265,0.9528554402720868
266,0.7412867616480011
267,0.9627938381100446
268,0.9722345640568876
269,0.9267547629582918
270,0.961091499808968
271,0.8586281969396615
272,0.9551594734293855
273,0.927636173950148
274,0.9695521758559521
275,0.9773067599901593
276,0.9336251165999749
277,0.8177300579507214
278,0.9542604303403961
279,0.9277348494300776
280,0.9286665611712139
281,0.9695757565771503
282,0.9523043467887727
283,0.9214900351189791
284,0.9875214092704659
285,0.9382325390749398
286,0.9459929822163748
287,0.9386414617259771
288,0.9518811956323298
289,0.9463205782375165
290,0.9676224547480283
291,0.9217017001467429
292,0.9601073502216113
293,0.9424343908877835
294,0.9694173573606016
295,0.965803744174738
296,0.9199822541007555
297,0.9679232496070043
298,0.9597491979712688
299,0.9705724795618118
300,0.952912083816042
301,0.9765608015295688
302,0.9726121227388951
303,0.9679055260031239
304,0.9607529297538624
305,0.9648434213009963
306,0.9517836986877833
307,0.9431353584717302
308,0.9325766101952445
309,0.8996186692940054
310,0.9391816206035015
311,0.9640099935489532
312,0.923432311268421
313,0.9743422520548536
314,0.9655448009942273
315,0.8689170814343513
316,0.8944955804439636
317,0.9266224875704261
318,0.973258402311256
319,0.9800486695765328
320,0.9135105120019892
321,0.9491854344269742
322,0.97128227148627
323,0.9547471171473199
324,0.9524159916479757
325,0.9243686662387006
326,0.9798038503112324
327,0.9773263707923378
328,0.9876411070972322
329,0.9806036174048101
330,0.936039225624667
331,0.9343411368780908
332,0.9284151604635268
333,0.9728542047171597
334,0.9001879216960252
335,0.9634234112038689
336,0.9585501525953575
337,0.9596312030708342
338,0.962677754650062
339,0.9043867554612416
340,0.9543546743918571
341,0.8842940764693489
342,0.9442344628395728
343,0.9509500885158646
344,0.9661357219723484
345,0.945762119495186
346,0.9563679008716987
347,0.9309695911973412
348,0.9159737317415864
349,0.9239082514065541
350,0.9372491666051632
351,0.9388177399509582
352,0.9566961658678201
353,0.9537662151220078
354,0.9205352345539088
355,0.9225671656197779
356,0.9496876971931496
357,0.9481696280660535
358,0.9089666489125566
359,0.9541679159606461
360,0.9054210990477201
361,0.9779512217552638
362,0.9569426900780617
363,0.936131024749193
364,0.9469632974511233
365,0.9572354612157281
366,0.9701908661528711
367,0.9038076719920004
368,0.9361740439291002
369,0.9310178710538692
370,0.9565092662426586
371,0.9522026147786244
372,0.9385316896164447
373,0.9522361670777982
374,0.874420655928168
375,0.9538818315072723
376,0.9347216733492257
377,0.98145284053034
378,0.9149385486166188
379,0.975775390107129
380,0.9703984390417432
381,0.9629042532767136
382,0.945097692191931
383,0.9436073854569188
384,0.9648005144072842
385,0.9530935550710015
386,0.9399247512235699
387,0.9699139572899328
388,0.899138412475422
389,0.9416286814392044
390,0.970341354126545
391,0.9753468510408411
392,0.9724964173624624
393,0.9731391147620252
394,0.9636066906996251
395,0.8945969005506951
396,0.9181271907926354
397,0.8986903181971339
398,0.9431305497689727
399,0.9282802541956866
400,0.9824579110460478
401,0.8856222294989292
402,0.9426839088274951
403,0.9096752216754163
404,0.9327948438198282
405,0.9907686536620854
406,0.9315157401349128
407,0.9641145284829642
408,0.9484560103626414
409,0.9503159747320647
410,0.9538597373104353
411,0.942277537039913
412,0.9727474773738733
413,0.9419921572258959
414,0.9549576197881174
415,0.9093318025747791
416,0.8700065185584153
417,0.727007038476767
418,0.9458938226077176
419,0.9520232721321876
420,0.9663167692779574
421,0.9178994349502085
422,0.9459499795577261
423,0.9809471743920213
424,0.9779733577945108
425,0.8727952473355647
426,0.9303217115178688
427,0.9407223369484995
428,0.9768820782492823
429,0.9596478979704316
430,0.9273140747609088
431,0.9345682840069128
432,0.9404945090893475
433,0.9716900302037546
434,0.9731308495475594
435,0.9279697011337015
436,0.9668325673115249
437,0.9624114077496041
438,0.9556370083256375
439,0.8868664926012938
440,0.9061991382877485
441,0.9612353539615872
442,0.9788490464992724
443,0.952155583852382
444,0.9059853077180821
445,0.8946337481362869
446,0.9680100550732894
447,0.9365811974329254
448,0.9719742247020755
449,0.9779360331959094
450,0.9715050627686298
451,0.9656490500837386
452,0.9578292859062801
453,0.9699336390614479
454,0.9519820547062987
455,0.9452216456666565
456,0.8240606741371558
457,0.9500559246507915
458,0.9340211537943409
459,0.9729159627402802
460,0.9518586935524944
461,0.9585902112685961
462,0.9150306948520865
463,0.9789267715530499
464,0.9435087152725221
465,0.7585697691618323
466,0.963189000625491
467,0.8959966653164197
468,0.892472509763275
469,0.969262502688657
470,0.9624675168878064
471,0.9493287708159988
472,0.9835060880574825
473,0.9571297361698903
474,0.920325229119573
475,0.9105313349348106
476,0.8968534856060931
477,0.9755699449132503
478,0.9340930984945967
479,0.8848128272902488
480,0.9171789767487774
481,0.9357772990240483
482,0.8677474969357423
483,0.9302921359692543
484,0.9431855001359716
485,0.9648476350242345
486,0.8955314712956972
487,0.9386126337313622
488,0.9642590291539536
489,0.9595051942092702
490,0.8997838498641308
491,0.9585400129305586
492,0.8753844033252627
493,0.9511977708289344
494,0.9463013230701547
495,0.956939128704101
496,0.934517111331605
497,0.9153118629941593
498,0.8627621351299739
499,0.9739484903547247
500,0.9439242753923454
501,0.9697597232768077
502,0.9681457803069664
503,0.9822292952158483
504,0.9188798204927764
505,0.9421867978972901
506,0.9062604483438852
507,0.9325608031650096
508,0.9700074574468834
509,0.9777096325445711
510,0.9135518140749039
511,0.9584930798618787
512,0.9684236171145707
513,0.9107218507349163
514,0.9681805380610491
515,0.8984582253796867
516,0.9677016852684243
517,0.9413894512726154
518,0.9435047579447591
519,0.9364669212774235
520,0.8655639970850473
521,0.9524186332439034
522,0.9487479039644825
523,0.9669795300202199
524,0.958823117578433
525,0.9657489475565338
526,0.9695136331087558
527,0.9796593864927358
528,0.9061441274551937
529,0.950416495210225
530,0.9443518603160752
531,0.976481848687504
532,0.9690846786139073
533,0.9555986412873552
534,0.9701153724314946
535,0.9809477588248736
536,0.9518957198489308
537,0.9550853143641594
538,0.9638827027538638
539,0.9531717640077035
540,0.9815233416777301
541,0.9215954171845454
542,0.9389168133657443
543,0.9409263172256705
544,0.9677544289266534
545,0.9605343884444484
546,0.9623589673476891
547,0.935813078485767
548,0.8725676052503981
549,0.979161590201354
550,0.7932861575504236
551,0.9744486798480639
552,0.9432933953792065
553,0.9549130238216399
554,0.9607876240406777
555,0.9555366720150374
556,0.9794434662188246
557,0.9408388963116764
558,0.9692130749588875
559,0.9288022216911328
560,0.9024719536628993
561,0.9157559616443959
562,0.9634672067025003
563,0.9294287211366673
564,0.9297021331133263
565,0.8601003496473572
566,0.921822565661906
567,0.9744067269587594
568,0.91934112802941
569,0.9074039834034494
570,0.9242542942608909
571,0.958240095879692
572,0.9267548754687083
573,0.9321161891511073
574,0.9406545493719745
575,0.9712644277601872
576,0.9497647600198792
577,0.883916754158451
578,0.9370348971685508
579,0.9680547100324848
580,0.9481528345058382
581,0.984250193116169
582,0.9180911806495816
583,0.9664557566724921
584,0.9098146781120257
585,0.9620596507589505
586,0.981989615412311
587,0.9242817142488222
588,0.9458239751192765
589,0.9678465384973518
590,0.9575835746350592
591,0.9152752912747592
592,0.9336416494444099
593,0.9553951791538273
594,0.9440890720175225
595,0.9500382327052344
596,0.9519043910525369
597,0.9473679585997362
598,0.9695975904966672
599,0.9435376895218066
600,0.984231830478687
601,0.9425607091757527
602,0.979205077119584
603,0.9704835786808115
604,0.9183546841044967
605,0.9455854059066473
606,0.9313737757454494
607,0.9669025675476166
608,0.8107891198977897
609,0.9661730337562003
610,0.9426262841238002
611,0.9098349704424701
612,0.9407605736031672
613,0.9611952856576101
614,0.9605016894456182
615,0.951211527107452
616,0.9474262429029222
617,0.9684898599097278
618,0.9694893064521909
619,0.9691183075554022
620,0.9434639325348853
621,0.9211368957083506
622,0.9870985007095807
623,0.9531089493821946
624,0.9212551820777449
625,0.9515576806627927
626,0.940798618302968
627,0.9719582430896853
628,0.9881221181123561
629,0.9015423987514208
630,0.8922753612704738
631,0.9618110994418481
632,0.9660669039560431
633,0.9390012030515784
634,0.9721141933202615
635,0.9207130263353034
636,0.9452016030953839
637,0.932556491486652
638,0.9628512924391832
639,0.9499546496334323
640,0.9149808520061687
641,0.9555848830925492
642,0.9575185130135101
643,0.9576634642163352
644,0.8808963877850202
645,0.9181926942359966
646,0.9207660449744183
647,0.9313964800728978
648,0.9230463559923652
649,0.9672868521184577
650,0.8862642006238258
651,0.9246452937434777
652,0.9557491134787526
653,0.9079974215171689
654,0.9279177936333995
655,0.9519250091487342
656,0.9511931239542137
657,0.9473974861735972
658,0.9242053545998994
659,0.9448134731191014
660,0.9615969430304498
661,0.90720958285561
662,0.9293577350671359
663,0.9775503002433743
664,0.9587175940169752
665,0.9789256010351636
666,0.9352617300950073
667,0.9620207903578655
668,0.8807229725942961
669,0.9706568294246665
670,0.9555517033602052
671,0.9673528553517933
672,0.9332129536759578
673,0.9077447336627705
674,0.9245317902564283
675,0.9351503712302297
676,0.9043938732437891
677,0.9548825025078639
678,0.9650144635593125
679,0.9371630030689109
680,0.9872189519630201
681,0.9759135144974246
682,0.9897508859850309
683,0.9530728713787469
684,0.9738925537512522
685,0.9585276462618322
686,0.9294198003397566
687,0.9456158142803986
688,0.9363896629036785
689,0.9700402927855747
690,0.9128943577877875
691,0.9437121641600036
692,0.9623281213686238
693,0.792694206911291
694,0.9755407455106815
695,0.9579227198201911
696,0.9747390594718724
697,0.9421422898045535
698,0.9549900652180296
699,0.8935709277973685
700,0.9083883429000541
701,0.9623452919241016
702,0.9257779436895819
703,0.9744847182472938
704,0.8995459087550775
705,0.9492916313613625
706,0.9249417027987321
707,0.9288536053712569
708,0.9661800411145652
709,0.9461520521100528
710,0.933876053646027
711,0.9558927537574297
712,0.9006117335842209
713,0.9398414033233159
714,0.9643381359899754
715,0.9053597698111991
716,0.9271027052960027
717,0.9473304130334024
718,0.9814191450793288
719,0.9814498754044468
720,0.9498194883956631
721,0.946416237962903
722,0.965473158017851
723,0.8791052780482662
724,0.9456079898658685
725,0.8960118494900571
726,0.8924592412885377
727,0.9705005496214578
728,0.9016045523606376
729,0.9035284274263218
730,0.9579367056690677
731,0.9456899393711542
732,0.9417766142876013
733,0.9331791991588049
734,0.9538652492282876
735,0.9552629305190335
736,0.9108901687820918
737,0.937128520087766
738,0.982364189736416
739,0.948905287269163
740,0.9718817309334681
741,0.9202068494328232
742,0.9272289257485046
743,0.9743066426824163
744,0.9148835878802156
745,0.9365314364527945
746,0.9533927164500307
747,0.9659658623475391
748,0.9767589467483099
749,0.9568071641742482
750,0.9561798168682559
751,0.885126391447613
752,0.9177770314775772
753,0.9332789633353489
754,0.9216071238220963
755,0.9451689864199931
756,0.9480309021695934
757,0.9198149043372903
758,0.9243316279741475
759,0.908589393355156
760,0.9668093069811474
761,0.9302515534759003
762,0.9370664310658323
763,0.8845102862840278
764,0.9275433651703432
765,0.9597309479694913
766,0.9387306211817813
767,0.9516110041721991
768,0.965570756997857
769,0.9683866884815943
770,0.9440636123687307
771,0.9119265977307431
772,0.9577711079206088
773,0.9458611035471498
774,0.9409552563404135
775,0.8635346836698704
776,0.9691602444141124
777,0.9028402007469017
778,0.8947476476383345
779,0.9645282838195848
780,0.9322945188654602
781,0.9107359890083455
782,0.9375209725018057
783,0.9736790654054859
784,0.9642406531815069
785,0.9615731667502063
786,0.9132774298125318
787,0.96421456537154
788,0.9537363127778098
789,0.9536624734794215
790,0.9496404855940692
791,0.940570471413592
792,0.8579772175981529
793,0.9771444029190637
794,0.9225046342955241
795,0.9844320902922143
796,0.8986332070732826
797,0.9119163480285574
798,0.9318742045356129
799,0.9743201385557051
800,0.9124242606645163
801,0.9698427253261046
802,0.8844449677716325
803,0.9758855422884233
804,0.9542924929463552
805,0.914144399845953
806,0.9389511010050658
807,0.9483693503807414
808,0.9477163168565435
809,0.8751162139359827
810,0.9541986238043138
811,0.9697531081900592
812,0.9422809578333874
813,0.9572307464606825
814,0.899786537150305
815,0.957059663267023
816,0.9518146781422806
817,0.9824259132746138
818,0.9705956411698591
819,0.9409041430168645
820,0.9522812314532311
821,0.9391444715311249
822,0.9723333869678081
823,0.6638543432660018
824,0.9611380507438262
825,0.9397545628848274
826,0.9118026804663547
827,0.9656770130020323
828,0.9641267712278473
829,0.9192646269664442
830,0.9014264068574305
831,0.9210798552744243
832,0.9419833648710121
833,0.9647168261087119
834,0.9661668442233017
835,0.9566243387981614
836,0.9605936417497966
837,0.9446732565445711
838,0.9122131097328757
839,0.9281773600552308
840,0.9458154446798328
841,0.9719445494419973
842,0.9719615782410245
843,0.9505662738531946
844,0.9770165788673743
845,0.9587289821075907
846,0.9212587942545091
847,0.9478216142729319
848,0.9773844627656507
849,0.929881668822864
850,0.979044476262056
851,0.9683682618238959
852,0.9690286517452202
853,0.9565601361652825
854,0.9149410318524707
855,0.9109355854633664
856,0.917202394039427
857,0.9096508290535801
858,0.9382765902846628
859,0.9528729880265171
860,0.9349690448371958
861,0.9321253073651593
862,0.9325585908166092
863,0.9803916570103763
864,0.9082681978967775
865,0.9443777497750803
866,0.9152236420653254
867,0.9759408991977316
868,0.920792922771525
869,0.9682807162524916
870,0.924492837541907
871,0.8955540769854071
872,0.9709926590315178
873,0.9598786282558264
874,0.9696705621792985
875,0.9460760567609043
876,0.9709771931470258
877,0.9341930179374414
878,0.8945075743063463
879,0.9665938837666216
880,0.9701998287055439
881,0.9537259748605971
882,0.9205265708019846
883,0.9457956399770364
884,0.9319815834485239
885,0.9702689371808757
886,0.9287939964150848
887,0.8950727069906159
888,0.9540889219202359
889,0.9507942711694046
890,0.9451210654940514
891,0.9377841591966614
892,0.936537066705147
893,0.9426758020156628
894,0.945438293873193
895,0.9562675340750648
896,0.9423526026278536
897,0.9660124132250449
898,0.933611252008484
899,0.9258044996874594
900,0.9552535074539842
901,0.9403785192062067
902,0.9361467044599044
903,0.9481471136793123
904,0.9381212828999081
905,0.9485576261431335
906,0.9519779142368708
907,0.9322741946513581
908,0.9633008431935935
909,0.9587895961471632
910,0.9613286726996979
911,0.9278842889484645
912,0.8856627726401869
913,0.888242658887236
914,0.9710356212885434
915,0.9404825643119479
916,0.9563479320572178
917,0.9710442089923009
918,0.9388168843849759
919,0.9492248830149048
920,0.9811241173297429
921,0.9624664453943708
922,0.9420124355088655
923,0.9782905684118476
924,0.8849458814988139
925,0.920310075877081
926,0.9433131738436782
927,0.9667245903360282
928,0.9483605518081953
929,0.9662512774201805
930,0.9689163692820076
931,0.9579703628603715
932,0.971711081135994
933,0.9121166924566215
934,0.9630770230919425
935,0.9246751321133193
936,0.9587591171689966
937,0.9540244882294033
938,0.8953207185775578
939,0.9144770227646792
940,0.9629515234229666
941,0.9584013138212325
942,0.9797118671284893
943,0.961913129236846
944,0.9607272516245111
945,0.8963772052132393
946,0.9600728577498815
947,0.928197603661342
948,0.9438290469230314
949,0.9263136565817707
950,0.9643394228831923
951,0.9577314295249942
952,0.9353256119679623
953,0.9385975670352958
954,0.9101422461948582
955,0.9336052301997159
956,0.9382484338621112
957,0.9809283118065961
958,0.9451309911153066
959,0.9128191103821887
960,0.9381214750122594
961,0.9115313119911188
962,0.9588015692803149
963,0.9163859364859089
964,0.9557441912693946
965,0.9289417908528576
966,0.9517691983392264
967,0.9513285550590971
968,0.9667231630738008
969,0.9582631700429722
970,0.963158337581374
971,0.9702915442698015
972,0.9322710288281113
973,0.9549813743826485
974,0.965309594925937
975,0.9460034951577424
976,0.9550339908673061
977,0.7852587241129609
978,0.9452595467314964
979,0.9600552182306371
980,0.9255907370982033
981,0.9853690104122517
982,0.9467807869425374
983,0.6559909638722624
984,0.938416077549314
985,0.9590065862056908
986,0.9672150206918328
987,0.9301255330289421
988,0.9326628369122866
989,0.9193827867867389
990,0.9063152370955226
991,0.9716030748387853
992,0.9838089365975485
993,0.9785805039407915
994,0.9470515719441214
995,0.9487874840317015
996,0.9189401353239984
997,0.968162812859745
998,0.9149013835390007
999,0.9330270121214547
1000,0.9633805354508588
1001,0.9057392417525145
1002,0.9513741463204068
1003,0.9665471045036679
1004,0.9673656579144683
1005,0.9666631841501656
1006,0.9746623127863606
1007,0.960541523429622
1008,0.9557496544846897
1009,0.9844319075797401
1010,0.925363791503729
1011,0.9532851960554699
1012,0.9514143837518897
1013,0.9549179619149516
1014,0.961136630000111
1015,0.9687933227116744
1016,0.9305581278507566
1017,0.8983817296135397
1018,0.9187218018319854
1019,0.9627452635304888
1020,0.9368245390641305
1021,0.9807208973726707
1022,0.9053116804417886
1023,0.9298934628886038
1024,0.9586350014774743
1025,0.9272911166235295
1026,0.9618999739484503
1027,0.9482512233340282
1028,0.7924399490536223
1029,0.7784822540774649
1030,0.9570054986823704
1031,0.9245305054584014
1032,0.9076563485301398
1033,0.9411784172382156
1034,0.9585853812886552
1035,0.9289453432703262
1036,0.9539835352555552
1037,0.9819605118238818
1038,0.9350299936778284
1039,0.9376018490061958
1040,0.9011954057910895
1041,0.9336129924423818
1042,0.960931060688439
1043,0.9401852833672466
1044,0.9638984105752009
1045,0.9435170957044201
1046,0.7690717395080341
1047,0.9391855813346883
1048,0.935725947963509
1049,0.9596375777406531
1050,0.7210022506487214
1051,0.9504462806388926
1052,0.94246559245322
1053,0.9501599721485728
1054,0.9571963961502453
1055,0.9762624540757757
1056,0.9528861418164544
1057,0.9437139884620794
1058,0.9290415658849308
1059,0.9158536844083671
1060,0.9218282470620525
1061,0.9503747371302048
1062,0.9634184929969499
1063,0.9596381921186534
1064,0.9669453560540227
1065,0.9524113772756541
1066,0.959295998554479
1067,0.9473679215057647
1068,0.9560108903598696
1069,0.9893549103451003
1070,0.9624491294381438
1071,0.9400423790121616
1072,0.8822310283182284
1073,0.9470181561467789
1074,0.9562700026844669
1075,0.9577797449940607
1076,0.9053426570762219
1077,0.9160217561051687
1078,0.9572295742583448
1079,0.9452151999947761
1080,0.8890131523427783
1081,0.9583818494376334
1082,0.9052688474908743
1083,0.9572768442839827
1084,0.9034883181198414
1085,0.9488143410879815
1086,0.9373073508249216
1087,0.9416673291467523
1088,0.9281172715192867
1089,0.9557484930469673
1090,0.9347538708587398
1091,0.9066122567445403
1092,0.9505875550882742
1093,0.9542789761386816
1094,0.9588667372979286
1095,0.9256692500039222
1096,0.9490608128293023
1097,0.9358831718945111
1098,0.9425768043492393
1099,0.9658846228575177
1100,0.9701082279126564
1101,0.9693081989639487
1102,0.9657577889768375
1103,0.9548138046733304
1104,0.9425635300697336
1105,0.9659099956215536
1106,0.9307838774496136
1107,0.9532267931345401
1108,0.941301813008051
1109,0.9089858773393716
1110,0.9202708229475903
1111,0.9576083408460652
1112,0.9672619227856124
1113,0.953758075378468
1114,0.9785831437744485
1115,0.9023919771517531
1116,0.9824798829589997
1117,0.9767073088121463
1118,0.9789923043870017
1119,0.9599344559790488
1120,0.9366990811202913
1121,0.9434640020105801
1122,0.9582507885107002
1123,0.9552388741420186
1124,0.9559940407829504
1125,0.969351319988944
1126,0.9624152002175299
1127,0.9506565207758382
1128,0.9257103447752556
1129,0.9680513564920348
1130,0.9765018861671612
1131,0.9361051242122261
1132,0.9824460254946844
1133,0.9652321443094407
1134,0.9459271146143418
1135,0.9125738833078664
1136,0.9465606026265498
1137,0.9744097246579956
1138,0.9504484166527655
1139,0.9026002334388543
1140,0.9484322503201656
1141,0.9393206662370087
1142,0.9670863891450118
1143,0.9425319349821738
1144,0.9540149973582233
1145,0.9603713277962022
1146,0.973151404014015
1147,0.9205305297447075
1148,0.9593662238384757
1149,0.958769793002362
1150,0.967944987035977
1151,0.9690439033195425
1152,0.9485734055994608
1153,0.9796201741629136
1154,0.9437572411482872
1155,0.941335520380218
1156,0.9430674222127218
1157,0.9696691557612643
1158,0.9535085123850443
1159,0.9229596144154772
1160,0.8925747064860099
1161,0.9212577444224344
1162,0.9799656935960586
1163,0.9704226477100268
1164,0.901728954977825
1165,0.9410354520744488
1166,0.8824920554329231
1167,0.9453672897963908
1168,0.9415276714017297
1169,0.937608191917046
1170,0.9324827435563886
1171,0.9207903467074433
1172,0.917467757831056
1173,0.8949622899535935
1174,0.9395835036952013
1175,0.902270817409325
1176,0.951465092181373
1177,0.9446696326414606
1178,0.9607951987111449
1179,0.9764132438716228
1180,0.9690702557014219
1181,0.9577638493489634
1182,0.9463088695646457
1183,0.962411435043586
1184,0.9680928032642339
1185,0.9411959062250046
1186,0.9745782332202952
1187,0.9741188876206113
1188,0.9290224342641865
1189,0.8842386984179336
1190,0.9410659516517252
1191,0.8731475503295179
1192,0.9462972251446435
1193,0.9604701569085161
1194,0.952805115162635
1195,0.9485800150530161
1196,0.9394811111220278
1197,0.9647995465348207
1198,0.9415332019256134
1199,0.944912336437716
1200,0.9464504736598018
1201,0.9460036448725445
1202,0.9445577420066977
1203,0.9499925916731763
1204,0.9551250125906824
1205,0.9663636729637068
1206,0.8749914736272343
1207,0.9561205292570085
1208,0.8982381950243311
1209,0.9414642129017716
1210,0.8216211386250812
1211,0.9725380681561644
1212,0.9498746440549967
1213,0.9681921735450577
1214,0.969296271072634
1215,0.9447560549684638
1216,0.9374205071950783
1217,0.9660757146128148
1218,0.9338232558023005
1219,0.9516048064113882
1220,0.9307053384881946
1221,0.8940898014190949
1222,0.9471261923586939
1223,0.9597054396053905
1224,0.9498395711696753
1225,0.9669057350837685
1226,0.921649951447541
1227,0.923806128754527
1228,0.9157826221682519
1229,0.9878335417111788
1230,0.9426800485248922
1231,0.9087187360556046
1232,0.8967811259834589
1233,0.9133360281079661
1234,0.9227156605371059
1235,0.9526841867704177
1236,0.9508508568188561
1237,0.8739194060474298
1238,0.9109042543899923
1239,0.9627155197974797
1240,0.9513740173202612
1241,0.9547724995140386
1242,0.9616401657567415
1243,0.9333257766940813
1244,0.946001073171173
1245,0.9621356966161205
1246,0.9672378339217278
1247,0.9696136400929118
1248,0.9352487542673107
1249,0.9701041148983046
1250,0.9617130050703692
1251,0.9810365693161528
1252,0.9694962904571952
1253,0.9347965229116202
1254,0.9359027532208015
1255,0.9504203550085231
1256,0.9512827324638
1257,0.9533605569892852
1258,0.9499536985555916
1259,0.9028356218245626
1260,0.9515506099393907
1261,0.8872944885923856
1262,0.9550639273485877
1263,0.9609971609900715
1264,0.9498246239530966
1265,0.9127911821480771
1266,0.9507323836132042
1267,0.9361475019841232
1268,0.9094275392201101
1269,0.9592827188265044
1270,0.9481567014559026
1271,0.97146162661805
1272,0.967396429660304
1273,0.9616923784141379
1274,0.915489651348501
1275,0.9561045455091178
1276,0.9200924810444572
1277,0.9606381884271089
1278,0.9233849712273918
1279,0.9032194280777069
1280,0.9534322116349409
1281,0.8985342963217045
1282,0.9153109643329033
1283,0.9381085016046975
1284,0.9730346002832199
1285,0.9097177886355252
1286,0.9428313234338984
1287,0.9605458122357962
1288,0.9204797948789261
1289,0.9676971465667966
1290,0.9542482750490474
1291,0.9096530603451565
1292,0.9525678169475039
1293,0.9678912115806655
1294,0.9479920861861829
1295,0.9736384710088435
1296,0.9437259198354274
1297,0.9323550110517763
1298,0.9051874358225699
1299,0.9686744548065362
1300,0.977254305421551
1301,0.940153189377584
1302,0.9754193791292554
1303,0.9574092495295082
1304,0.9308349811868305
1305,0.9723232589945497
1306,0.9134087430287086
1307,0.9779491760800739
1308,0.9750541838812731
1309,0.9134060710660412
1310,0.9716654456226269
1311,0.9711341851475962
1312,0.9574629802907791
1313,0.9543383884697426
1314,0.9387418071181025
1315,0.9806942384340281
1316,0.9387002941965334
1317,0.9482707287264401
1318,0.918640746480423
1319,0.9298054950003952
1320,0.9411672323534982
1321,0.9664888853755871
1322,0.9667277237671793
1323,0.950001843647372
1324,0.9525593109292871
1325,0.9496490925313018
1326,0.9287706064819257
1327,0.8599581385622247
1328,0.9640946102417915
1329,0.968086811477042
1330,0.9834965254862374
1331,0.9502872059006351
1332,0.9294866233710644
1333,0.9469944984953613
1334,0.9527787965889523
1335,0.9258115096447727
1336,0.9588272677082789
1337,0.9504381614071314
1338,0.9649750017230885
1339,0.9201229751523613
1340,0.9705567716655217
1341,0.957739268861513
1342,0.9520020044566119
1343,0.9350541825621722
1344,0.9237858380436754
1345,0.9529287058044802
1346,0.9708008759216754
1347,0.9320768956557053
1348,0.8875173829017678
1349,0.8633496805526141
1350,0.9764350511531182
1351,0.9422571445852381
1352,0.9268538078496961
1353,0.9433829027185311
1354,0.9679680950636244
1355,0.8977032286690357
1356,0.8914023256361273
1357,0.8083233326457256
1358,0.9208251011511008
1359,0.954866747280089
1360,0.9832369104948958
1361,0.9649517939987183
1362,0.9265378015768068
1363,0.9121529119726058
1364,0.9447172465888388
1365,0.9484469723761854
1366,0.9558209002339009
1367,0.9562847896136857
1368,0.9355929275588338
1369,0.9144008088205252
1370,0.9694828922112466
1371,0.9758230979656596
1372,0.9417950528637725
1373,0.9077910981447156
1374,0.9360818542213506
1375,0.9466482628269147
1376,0.9213654080695227
1377,0.9600281478340283
1378,0.9793937784989065
1379,0.9708116351370727
1380,0.9461993560180031
1381,0.9262767687638694
1382,0.972419548916953
1383,0.9228169893248404
1384,0.8944179465509476
1385,0.9308783941491163
1386,0.9427076548560036
1387,0.9249646251906378
1388,0.9641208244953421
1389,0.9025635243299913
1390,0.7922983781686876
1391,0.9759379603169583
1392,0.9531785863362875
1393,0.9690192726120479
1394,0.9598560769187929
1395,0.9653823174606784
1396,0.9496349847070255
1397,0.9848850420361654
1398,0.9258897948790554
1399,0.9266779572500313
1400,0.940499182900205
1401,0.9578306917879538
1402,0.8958311502614063
1403,0.9605564437682418
1404,0.8758131168173002
1405,0.9583202677414808
1406,0.9484103076958639
1407,0.9262668688932308
1408,0.9198555517398076
1409,0.9715402907711518
1410,0.9544026105988554
1411,0.9633908625712045
1412,0.9488194501216264
1413,0.9391164330620675
1414,0.9539097897863954
1415,0.9523912106561871
1416,0.9565385988644265
1417,0.966827168748021
1418,0.9004423146254515
1419,0.8994885900789695
1420,0.9293606552378012
1421,0.9511970578779532
1422,0.9522501693200971
1423,0.972241184826163
1424,0.934832758505836
1425,0.9402951059044107
1426,0.8867671473220388
1427,0.9368477873274044
1428,0.9448087337711311
1429,0.9291075577474639
1430,0.9098564941679059
1431,0.9103242668590186
1432,0.9220035419876531
1433,0.9451191414712017
1434,0.9649553562485521
1435,0.9317137744882326
1436,0.9592129688865078
1437,0.9762373155394103
1438,0.9190097827095555
1439,0.9521411762970743
1440,0.9530796426790247
1441,0.9444401482044614
1442,0.9488490352757
1443,0.9689851108018402
1444,0.9758608181024152
1445,0.9659390496356685
1446,0.9341496312911952
1447,0.9448767389854082
1448,0.9653806598695341
1449,0.9588554422138731
1450,0.96378073804402
1451,0.9651108130708629
1452,0.943067908158952
1453,0.9612000250397316
1454,0.9726758672748186
1455,0.9589804538599017
1456,0.9410204611660221
1457,0.9592231191261827
1458,0.9546675447338434
1459,0.9833092832159523
1460,0.9278765468897011
1461,0.9073852540459417
1462,0.9460127436709346
1463,0.9544391962785603
1464,0.9275247224071604
1465,0.9363645579507494
1466,0.9816563836100638
1467,0.9382917842240202
1468,0.9564129117924366
1469,0.9243309028803894
1470,0.9835621645966554
1471,0.9398914244484441
1472,0.9360456181399336
1473,0.9520570265362825
1474,0.9605117092403622
1475,0.9726386917610909
1476,0.9483874437747253
1477,0.9165052112557163
1478,0.9057276407753949
1479,0.9382211815819912
1480,0.953411256944374
1481,0.9575632022017827
1482,0.9345066995880194
1483,0.963456423602471
1484,0.9697899196622416
1485,0.9652652651466187
1486,0.9334073042507586
1487,0.9503755857982569
1488,0.9623460902166827
1489,0.9635503310599849
1490,0.91499206263921
1491,0.8849676027399876
1492,0.9375150285481094
1493,0.9487128747900883
1494,0.939400313057708
1495,0.9631342562137253
1496,0.9768411985077057
1497,0.8781746232722176
1498,0.9367748400344555
1499,0.9347158423475336
1500,0.9381979418774258
1501,0.8847745629491309
1502,0.9354764072475326
1503,0.9255547663122529
1504,0.9673209041951154
1505,0.9293971538756945
1506,0.9715799620142183
1507,0.9381115957929763
1508,0.9308589776426821
1509,0.9562263025476954
1510,0.9590747188086238
1511,0.9334957983630284
1512,0.9737875772926843
1513,0.9534702043199537
1514,0.820958028656729
1515,0.9264664169776715
1516,0.9329547189166425
1517,0.9523724536661046
1518,0.9789695568570437
1519,0.9812827786234122
1520,0.952023753909853
1521,0.9529335497343137
1522,0.9361183282564821
1523,0.9855172564946438
1524,0.9717013373951572
1525,0.9475946342389463
1526,0.9759150713867757
1527,0.9714740639841417
1528,0.9374639503103666
1529,0.7681267841314247
1530,0.9546166853809291
1531,0.9614315728646421
1532,0.705370898719949
1533,0.9442372419665922
1534,0.8897410554841481
1535,0.9660278865885662
1536,0.9745937523949169
1537,0.8912995319073254
1538,0.9687461335893808
1539,0.946279063509797
1540,0.9687322789922893
1541,0.9458756656858872
1542,0.9580196234218461
1543,0.9503664804541756
1544,0.9253122155441809
1545,0.956287404275868
1546,0.9440240896949008
1547,0.9564516425585791
1548,0.9652926007089776
1549,0.9422973931911597
1550,0.9484793992950719
1551,0.9137863158354916
1552,0.9500172869199022
1553,0.9512357537998497
1554,0.8938820035624196
1555,0.9503443658890679
1556,0.9498999933732594
1557,0.9699750590290293
1558,0.9550240163843177
1559,0.9590397859314762
1560,0.9044373075295923
1561,0.9565505577019005
1562,0.9310518241190576
1563,0.9398320790847002
1564,0.9626237571125213
1565,0.9105177468353006
1566,0.9520762082453651
1567,0.9339430342056046
1568,0.9405558805420263
1569,0.9704911132721897
1570,0.9516621616020502
1571,0.967108621733085
1572,0.9445925540760387
1573,0.9609155564053521
1574,0.94703961459676
1575,0.9490286289260633
1576,0.9240536273030783
1577,0.8841172193358265
1578,0.919663920724109
1579,0.9770287727172008
1580,0.9729979069532393
1581,0.9481745224713474
1582,0.963201459846744
1583,0.9374503086863202
1584,0.9534459017058541
1585,0.9471861004654568
1586,0.958058893321384
1587,0.95474293784387
1588,0.9700099986279512
1589,0.9824682106005649
1590,0.9590764839869742
1591,0.9077757447233974
1592,0.912754981808777
1593,0.965556378095289
1594,0.954794186093037
1595,0.9491820759598507
1596,0.9559029762123933
1597,0.9639712183560796
1598,0.9289857156224135
1599,0.9341942518214071
1600,0.9545598493331844
1601,0.9024580291398311
1602,0.9733636623945009
1603,0.8865969546491993
1604,0.9219748152241212
1605,0.9388817735926969
1606,0.9658286556518149
1607,0.945628600383356
1608,0.9557458776549497
1609,0.9068150567250813
1610,0.9700534324831522
1611,0.9648073308420291
1612,0.9584001492592028
1613,0.9898719664157325
1614,0.9621284599936145
1615,0.9421209413402101
1616,0.9686046310296907
1617,0.9563510213189204
1618,0.9364497091483591
1619,0.9590110139878275
1620,0.964439941276911
1621,0.9616095946249359
1622,0.9637514626948044
1623,0.9775615687716299
1624,0.930356926736685
1625,0.905119023301162
1626,0.9266624028557076
1627,0.9384797402868443
1628,0.9421006392661997
1629,0.9843378385266977
1630,0.9585359639277454
1631,0.967035653433467
1632,0.9576941211347034
1633,0.9695079523265667
1634,0.9682062917298305
1635,0.9555237721995244
1636,0.9771231099489578
1637,0.8617786558295125
1638,0.9728189364026806
1639,0.9456734963824782
1640,0.9516992088681657
1641,0.8798256809763931
1642,0.9328501198374376
1643,0.9713280977714619
1644,0.942183559258026
1645,0.9164153238933923
1646,0.8776651522680161
1647,0.9399741548859832
1648,0.9592413854101101
1649,0.9743225164125193
1650,0.8632454134239107
1651,0.964589275860938
1652,0.98578900453741
1653,0.9390025052805272
1654,0.8780553171268404
1655,0.9712982113365964
1656,0.9262630935617484
1657,0.9338460826190509
1658,0.967559864438279
1659,0.9475875014949596
1660,0.9684157694649786
1661,0.8139933569418657
1662,0.9524301448792478
1663,0.9177519527842618
1664,0.9541995747302193
1665,0.9256844695763132
1666,0.9244786656315611
1667,0.9678824164432548
1668,0.955078515915322
1669,0.9421975648451353
1670,0.9660912031989367
1671,0.9215012342558878
1672,0.931938258004554
1673,0.9771294616464327
1674,0.9073399282467741
1675,0.8665953546960147
1676,0.9375946236400042
1677,0.967007002770693
1678,0.9114202375994421
1679,0.939173425215151
1680,0.8726239568505281
1681,0.928516626497088
1682,0.8952231003878194
1683,0.9505961277546285
1684,0.9633487458885063
1685,0.9245276379443068
1686,0.9662258603597869
1687,0.9769384376846284
1688,0.9327811112791048
1689,0.9248221363140429
1690,0.8626633602862473
1691,0.9245327284812889
1692,0.8823050740567276
1693,0.9421209413402101
1694,0.9340533058063664
1695,0.9007396015839314
1696,0.9424990384896182
1697,0.9731608654639313
1698,0.962504089492269
1699,0.9543033678048893
1700,0.9880181121316078
1701,0.9004675709543647
1702,0.9542312511153628
1703,0.9580648499413746
1704,0.9725640784402689
1705,0.8638491514388894
1706,0.9726513673261779
1707,0.9807774338212083
1708,0.9392152505137158
1709,0.9459887891684898
1710,0.9610343377819178
1711,0.928499565402248
1712,0.8944456359454983
1713,0.955750873054469
1714,0.9490097545189072
1715,0.9529684644560261
1716,0.9502616328664535
1717,0.9584039964663031
1718,0.9348846281058772
1719,0.9646047181056655
1720,0.8969910684924977
1721,0.9541102599361972
1722,0.94151352968508
1723,0.9409743548484317
1724,0.9743608283993032
1725,0.9514811816101312
1726,0.9762707773157266
1727,0.9449100388354661
1728,0.9646288310477216
1729,0.9374452436320583
1730,0.9614763138727651
1731,0.9457522033331277
1732,0.9119200526551826
1733,0.9314223445702324
1734,0.9331338633274704
1735,0.9383703010630173
1736,0.972750132148268
1737,0.9713857393041421
1738,0.9664944027339829
1739,0.9385090392307841
1740,0.9671426352487548
1741,0.9816678480269504
1742,0.9669812389867056
1743,0.9445225530870462
1744,0.9489876605934721
1745,0.9674695084245443
1746,0.9661539366606603
1747,0.9452957176237546
1748,0.9256180332760259
1749,0.9704883730805469
1750,0.9523667597113223
1751,0.9591062877998988
1752,0.9594302949469177
1753,0.9468249596369082
1754,0.9579667561992762
1755,0.9396734610611236
1756,0.9324308167055018
1757,0.9597839846923172
1758,0.950264701845401
1759,0.9428751296000134
1760,0.9814257689005238
1761,0.910763036026981
1762,0.9024585542193901
1763,0.9482308658037567
1764,0.9514901751080006
1765,0.9550981197010399
1766,0.8824068130473234
1767,0.9728621002276604
1768,0.9533240806689002
1769,0.9212769697544195
1770,0.9276277486406234
1771,0.9443628548904123
1772,0.9147837220698826
1773,0.9076648036851921
1774,0.9762699070035952
1775,0.9644610479015414
1776,0.970764354213104
1777,0.9404223269963086
1778,0.9304697861548139
1779,0.9263578689305693
1780,0.9229597644164511
1781,0.9230732050498149
1782,0.9382123490386074
1783,0.9262655228649094
1784,0.9517143224424234
1785,0.9241506883066019
1786,0.9641121285929666
1787,0.9471198875438431
1788,0.9468478517744194
1789,0.9154951243814755
1790,0.9757919004743284
1791,0.8538761761443727
1792,0.9645327504953735
1793,0.9895511479440794
1794,0.9348049122631973
1795,0.9171786599246606
1796,0.9464351741667197
1797,0.9729253160242327
1798,0.9338532656125569
1799,0.9430365920777605
1800,0.9581965245059024
1801,0.9281395690366673
1802,0.9282977674827592
1803,0.8888260106884305
1804,0.97018806456046
1805,0.9054491062870033
1806,0.9537126573580667
1807,0.941107137004181
1808,0.9463338842896502
1809,0.9666645202154038
1810,0.9725905787650133
1811,0.936450611785235
1812,0.925373451849565
1813,0.9124597901248426
1814,0.9532754943366527
1815,0.8942685585378144
1816,0.9433652749095626
1817,0.961703218870086
1818,0.9705553984547973
1819,0.9814256599931747
1820,0.8610057637524068
1821,0.8805169171683943
1822,0.9231855943591118
1823,0.9299636347604393
1824,0.9603039310267306
1825,0.9328549291058
1826,0.9278883476773643
1827,0.9728698028833735
1828,0.9557032398414381
1829,0.8998565827506522
1830,0.9488810095013669
1831,0.9502024096790289
1832,0.9159232983958462
1833,0.9884155808500109
1834,0.9461182893737052
1835,0.9675570980418728
1836,0.9638510042711657
1837,0.9692014825288551
1838,0.9598590442384073
1839,0.9588687558081284
1840,0.9590423400998791
1841,0.9704603238427034
1842,0.9803368541784409
1843,0.9698998939772122
1844,0.9462822255108417
1845,0.9117459652800821
1846,0.9302543443364797
1847,0.972371490805576
1848,0.9611735722801293
1849,0.9795530497483599
1850,0.9583923934866804
1851,0.9632296764889765
1852,0.9470107490134758
1853,0.9437453784235603
1854,0.9611310778819773
1855,0.9281711779315434
1856,0.9612229002473686
1857,0.9447183917489429
1858,0.9526719188494428
1859,0.9524871970376203
1860,0.9513556367467103
1861,0.9751168982922687
1862,0.9366688470645529
1863,0.9373697345271547
1864,0.9628607309446555
1865,0.937826779288862
1866,0.937653043476387
1867,0.9275325531900042
1868,0.9723390364790324
1869,0.9241194584999598
1870,0.9136964374881915
1871,0.9183347012313628
1872,0.9494323807015685
1873,0.9836144182062284
1874,0.8707231732990471
1875,0.9645863887919935
1876,0.9835795477548182
1877,0.9704806312186764
1878,0.9536486836729025
1879,0.9748601082775612
1880,0.966838608531299
1881,0.9072902836800047
1882,0.9890512050073309
1883,0.96300803140429
1884,0.9562421084947249
1885,0.9572159881245783
1886,0.9794658475776667
1887,0.9551418810667663
1888,0.9598930762713852
1889,0.9568702668739113
1890,0.9168223436539016
1891,0.9648419249385419
1892,0.9612899833646174
1893,0.895332291700779
1894,0.9506957040802255
1895,0.9371539080387233
1896,0.9680502974448637
1897,0.9488427952657456
1898,0.9258731737481514
1899,0.9604160855995427
1900,0.9112008323168601
1901,0.9544476103554518
1902,0.9713506412738572
1903,0.9637017991757957
1904,0.9535660821848473
1905,0.9417785838012778
1906,0.922372048625631
1907,0.942672349417276
1908,0.9286636963802636
1909,0.9539299763013157
1910,0.9344243417513433
1911,0.9779406111657374
1912,0.9631903324120895
1913,0.9378251806705007
1914,0.9636210396843127
1915,0.9755388520676778
1916,0.9378421854527561
1917,0.9646839202162092
1918,0.9520039281840996
1919,0.9162028273382126
1920,0.9124576370361184
1921,0.9649188269453999
1922,0.9275611163970883
1923,0.9296025416860952
1924,0.9129757109864675
1925,0.9642569963580202
1926,0.9515867544108937
1927,0.9456859465810723
1928,0.9336275616728931
1929,0.8834311335571068
1930,0.9784469522489444
1931,0.9840461332457094
1932,0.9386429337631793
1933,0.954020436531939
1934,0.9519629885102039
1935,0.9564120243045672
1936,0.9512217164943302
1937,0.9627419830808487
1938,0.9741072000029818
1939,0.960488467260671
1940,0.814881107283082
1941,0.8336969177668616
1942,0.9506229559088059
1943,0.9525743784402865
1944,0.9867990258751962
1945,0.9207761998507887
1946,0.9714823791444196
1947,0.9749170867411582
1948,0.9630030079164843
1949,0.9636458589734119
1950,0.911779598469266
1951,0.965765382796667
1952,0.9480844858036642
1953,0.9393696390404634
1954,0.9753704929307574
1955,0.9600833065786799
1956,0.906877548510327
1957,0.9599523833150186
1958,0.9658793386179962
1959,0.9077030949333069
1960,0.9625298179009902
1961,0.9440162674871291
1962,0.9255262507324238
1963,0.956168989312907
1964,0.9659904323625762
1965,0.899250771890148
1966,0.9763344044636325
1967,0.9721744617164952
1968,0.9277043292636491
1969,0.8299666648218117
1970,0.9678082205799656
1971,0.9004583006550125
1972,0.9147380024134648
1973,0.915274744197312
1974,0.9609548684786382
1975,0.9260044471356286
1976,0.9534014816954364
1977,0.9680326425323853
1978,0.9523870274153948
1979,0.9380183780255263
1980,0.9308023220089404
1981,0.9379573779314963
1982,0.9452476949463875
1983,0.954110154540174
1984,0.9506502733375769
1985,0.9431150320328474
1986,0.9469100662972172
1987,0.9465986791161269
1988,0.9353393023253963
1989,0.9384623164557149
1990,0.9223877354495624
1991,0.9275983519997766
1992,0.9707359301389483
1993,0.9712547087084673
1994,0.9226365603434693
1995,0.9406604356102927
1996,0.9547404288832356
1997,0.9406200634771287
1998,0.9570678509626824
1999,0.9473412637482428
2000,0.9530327200637994
2001,0.9482146851942218
2002,0.9189866506723801
2003,0.9725309895614029
2004,0.9658582532049389
2005,0.9500936476504106
2006,0.9723277020725603
2007,0.9611229435671543
2008,0.9463101047560372
2009,0.937378413040355
2010,0.9531186605063029
2011,0.9675289700328897
2012,0.9710545462476001
2013,0.9525438409217472
2014,0.9510145301790135
2015,0.9668743807791512
2016,0.9655193519028716
2017,0.9562740752579068
2018,0.9677984957463902
2019,0.9612059086035911
2020,0.87230693626978
2021,0.9481245213931736
2022,0.9362757871475281
2023,0.97855223051608
2024,0.9662636439763297
2025,0.9637201374545111
2026,0.9334203975740136
2027,0.97650954440723
2028,0.9513231704615719
2029,0.9894462935783485
2030,0.8765474289653981
2031,0.9786632610600244
2032,0.9492064377906585
2033,0.9557387888131456
2034,0.9711362838337295
2035,0.9620348511240454
2036,0.8887128110506337
2037,0.8731396715483389
2038,0.9405614297136768
2039,0.9233824545891182
2040,0.9609476942808834
2041,0.914522799909433
2042,0.985287464775759
2043,0.9430789453978
2044,0.974705840636907
2045,0.9530433137507602
2046,0.9509059827703892
2047,0.9615961786977959
2048,0.9649752679586887
2049,0.9132499574859221
2050,0.9485317390033134
2051,0.9530352255773638
2052,0.9577532925997164
2053,0.9562901769291364
2054,0.9261517693486471
2055,0.9286562731059534
2056,0.9637830156733298
2057,0.9387619504398392
2058,0.9092664851761972
2059,0.9620107560133297
2060,0.91139813062326
2061,0.8885824564413812
2062,0.9179846424478221
2063,0.9708838914866739
2064,0.9440081514247192
2065,0.9512270357995132
2066,0.9369522127217663
2067,0.9391654293693855
2068,0.9505333586502873
2069,0.9099001191637994
2070,0.9300320501982607
2071,0.965592255253537
2072,0.92508093140915
2073,0.9104907621158287
2074,0.8594634068662571
2075,0.8885169627961821
2076,0.9539574926203143
2077,0.9307644572866518
2078,0.9570668683594624
2079,0.9538052642709277
2080,0.9704191829182492
2081,0.9546229460896865
2082,0.9461686665770214
2083,0.9050355175630488
2084,0.9824900386984665
2085,0.9124121820801904
2086,0.9463691321416358
2087,0.9185805416081504
2088,0.972139823093935
2089,0.944532283727738
2090,0.9414529557855036
2091,0.9427168182789937
2092,0.9641950642982184
2093,0.9059736029464097
2094,0.964304084435614
2095,0.8816576900384664
2096,0.9437653725072207
2097,0.9703368568898291
2098,0.9758325676474112
2099,0.9326711692637467
2100,0.935117940854368
2101,0.9487420789136887
2102,0.9417080871734624
2103,0.942084039187058
2104,0.8875505154971975
2105,0.9107827806931008
2106,0.9020845326610892
2107,0.9825869386433479
2108,0.9677274924386218
2109,0.9759432871873749
2110,0.9653197963302015
2111,0.9723194515759316
2112,0.9775131146471308
2113,0.9423040566422702
2114,0.8991816483915549
2115,0.91853976395372
2116,0.9702070366123487
2117,0.9195152733768657
2118,0.921964423293307
2119,0.9171639869716479
2120,0.9776265574586832
2121,0.9551285558819427
2122,0.9696365212605736
2123,0.825390634300266
2124,0.9427922654514946
2125,0.9704901416978737
2126,0.9582539938149194
2127,0.9551203093923083
2128,0.9608604661620607
2129,0.904366334581948
2130,0.9677996864785768
2131,0.9456197352512128
2132,0.9530125742838189
2133,0.942580541970922
2134,0.9164235529792873
2135,0.9514794909456767
2136,0.8654368528746695
2137,0.9457051615076796
2138,0.9412503815390706
2139,0.9063007159925022
2140,0.9725182280564246
2141,0.9280749158643905
2142,0.7914976583947442
2143,0.966558345093361
2144,0.9217939166069656
2145,0.9320492542969371
2146,0.9537834624826574
2147,0.9492939567791358
2148,0.8733361883427136
2149,0.9590646842156806
2150,0.8142760938995781
2151,0.9345695457060632
2152,0.9731894105030132
2153,0.9690326691055571
2154,0.9235251692661152
2155,0.9787980421669179
2156,0.9322884881463386
2157,0.9602397736827888
2158,0.937042857631699
2159,0.9664699087878605
2160,0.9480711167655972
2161,0.9432639485587533
2162,0.97635484691628
2163,0.9607111857315616
2164,0.9039780499408809
2165,0.9419590133903638
2166,0.967416087968287
2167,0.9517076280547393
2168,0.9594944194220039
2169,0.9116028981983463
2170,0.9463287277671517
2171,0.9423689934654916
2172,0.9763843454270117
2173,0.9333963169329378
2174,0.9070710593565252
2175,0.8931661439214389
2176,0.9561166939448235
2177,0.9778551093949847
2178,0.9299884216868527
2179,0.978368948638094
2180,0.9661338019620875
2181,0.9781083354849124
2182,0.9643751152308953
2183,0.9185187522367322
2184,0.950362974951239
2185,0.9283159988228316
2186,0.959880967478701
2187,0.9316197189052872
2188,0.8848490659432591
2189,0.9496603154218236
2190,0.935353342297328
2191,0.9616291430387618
2192,0.9367447009183979
2193,0.9668431529036736
2194,0.9480581812759992
2195,0.9034587141319042
2196,0.9475541722300598
2197,0.9653755489669321
2198,0.9288542087516137
2199,0.8949067904238098
2200,0.9499425941180135
2201,0.9812379737501701
2202,0.9045828640475179
2203,0.9813856306588022
2204,0.9608522702460851
2205,0.9724209257245929
2206,0.9723017694139776
2207,0.9460694869870093
2208,0.9127947643175488
2209,0.9678669942880762
2210,0.9278150373710786
2211,0.9265389574503154
2212,0.903269685900759
2213,0.9815758589617877
2214,0.9345670471059195
2215,0.9649984999708979
2216,0.9072813346149505
2217,0.8527119816001277
2218,0.963985922639323
2219,0.9487015844713457
2220,0.966920497723383
2221,0.946961452775183
2222,0.9658995245071197
2223,0.9107131379415278
2224,0.9183660675806464
2225,0.9574289862704792
2226,0.9823080796778623
2227,0.9567366883536131
2228,0.9480984855974804
2229,0.9737186252466039
2230,0.9671337637084891
2231,0.9309066046999924
2232,0.9386821913181289
2233,0.9709073414219151
2234,0.9245679356584025
2235,0.9540099917062672
2236,0.947222315282529
2237,0.9568363847592813
2238,0.9302384900700172
2239,0.9680484519914302
2240,0.9634076299817642
2241,0.8884174492115369
2242,0.9838465532471737
2243,0.935742435504426
2244,0.9391765527280439
2245,0.9650315684979817
2246,0.9395400169196015
2247,0.9273063199871314
2248,0.9555415781332841
2249,0.9707229567274908
2250,0.9827643680771024
2251,0.9183386896984375
2252,0.9593517167385831
2253,0.9549213025876793
2254,0.960517931332279
2255,0.9412707593141023
2256,0.9584658437328161
2257,0.9439262701896491
2258,0.9509166347205296
2259,0.9667321957210293
2260,0.962626448517942
2261,0.952712190064544
2262,0.9774085204553319
2263,0.9807584359477552
2264,0.9113578060365208
2265,0.9663454193795499
2266,0.9233789104717818
2267,0.9539330105224249
2268,0.9683689668116575
2269,0.9150202921647873
2270,0.9713704447807586
2271,0.8949490383934567
2272,0.9823832088414313
2273,0.9070664851356772
2274,0.9439917740694409
2275,0.9322783440948484
2276,0.9417904625711401
2277,0.9472619172987619
2278,0.8817099946815391
2279,0.9902617110165826
2280,0.9536815528038539
2281,0.9323360856756238
2282,0.9801709608822488
2283,0.9498278080017469
2284,0.9983921656663872
2285,0.9281048828746731
2286,0.9686848798985093
2287,0.9430243197056571
2288,0.9300936692200424
2289,0.9539259112024562
2290,0.9542941376864916
2291,0.962509756044545
2292,0.9695852759990422
2293,0.9146730022488655
2294,0.946107839478686
2295,0.9687703358118728
2296,0.966517779388522
2297,0.9584019420106542
2298,0.9259609048152215
2299,0.973088816169692
2300,0.9612598208676105
2301,0.953345664219476
2302,0.9455291437243558
2303,0.9287984923937894
2304,0.9577918392334367
2305,0.8314719774598825
2306,0.9398941374871339
2307,0.9427629835272044
2308,0.9755976498714983
2309,0.923618699375011
2310,0.7850087106416593
2311,0.9263194916883198
2312,0.9677586873772628
2313,0.9736611681672694
2314,0.9634154824618957
2315,0.9496896710045739
2316,0.9306786432372334
2317,0.9779886335926912
2318,0.9505974359038891
2319,0.939974409585225
2320,0.9702229237909191
2321,0.9566448704971162
2322,0.9396253647401264
2323,0.95250454127237
2324,0.9462178200724481
2325,0.9845539745850117
2326,0.931049261139046
2327,0.9346512828454339
2328,0.9244140052642131
2329,0.9307797075716289
2330,0.9424767674329142
2331,0.979362563546231
2332,0.9070261000511982
2333,0.9653652896312724
2334,0.9644813208449294
2335,0.9253676622036303
2336,0.959865652270778
2337,0.9344162798708773
2338,0.9443583789169182
2339,0.9427412910346894
2340,0.9492237756698819
2341,0.9275533498056365
2342,0.9647134749253832
2343,0.9672444795079946
2344,0.9485855454274933
2345,0.9670697219732113
2346,0.9665478955627621
2347,0.9224211696136229
2348,0.9811054911840312
2349,0.9642798137705175
2350,0.9257888149462823
2351,0.983331116174521
2352,0.9417567287837112
2353,0.9553969556635057
2354,0.960647997718479
2355,0.9649518846244436
2356,0.9696740316739457
2357,0.9220374859776431
2358,0.9194062608888148
2359,0.8871743522728991
2360,0.954382114786763
2361,0.9093163653543755
2362,0.9582212711406044
2363,0.9482536849134657
2364,0.9726333428525261
2365,0.964919000102019
2366,0.9502452155722149
2367,0.9746761837951451
2368,0.9676050331891233
2369,0.91785272073829
2370,0.9785366020153554
2371,0.9491803896003264
2372,0.9658914664185682
2373,0.9689947073338374
2374,0.9484220896158542
2375,0.9597671386305605
2376,0.9782474935453275
2377,0.9673024908775862
2378,0.9109072103635866
2379,0.9209487756769648
2380,0.9709927239487596
2381,0.9642019232710324
2382,0.9484300597218146
2383,0.9673841470408787
2384,0.9546957144425481
2385,0.9345358233184262
2386,0.9286031887331528
2387,0.8957327552331692
2388,0.9456192444700755
2389,0.9565793106705736
2390,0.9737844241117742
2391,0.9686754552273279
2392,0.9363598064419439
2393,0.9628282569312454
2394,0.9623888246856355
2395,0.968784063919864
2396,0.9539316829509744
2397,0.9706816200606038
2398,0.9446370935431255
2399,0.9386189365478131
2400,0.9421402159783275
2401,0.9139864809046979
2402,0.9562062478074792
2403,0.9576287349319117
2404,0.9539962098133562
2405,0.9469563857782987
2406,0.9185532580081716
2407,0.9678568716249887
2408,0.9161846730784864
2409,0.8804093651645423
2410,0.9813760385541421
2411,0.9690091885448161
2412,0.9496611933945707
2413,0.9630328254249629
2414,0.9659441187153172
2415,0.9546518047782295
2416,0.9405916827415631
2417,0.9856339893954524
2418,0.940501500985059
2419,0.9678878629608583
2420,0.9362555307405355
2421,0.9246201677759197
2422,0.9376786503821013
2423,0.9377588565595805
2424,0.9722489258226445
2425,0.9371218136941359
2426,0.9344941687191652
2427,0.9461124823497203
2428,0.9673259103479349
2429,0.9449688444645976
2430,0.9471256057236586
2431,0.918442910844819
2432,0.9693681614049711
2433,0.9619288660809496
2434,0.9694326067354837
2435,0.9125112325948658
2436,0.9143518768474627
2437,0.9389457309197994
2438,0.9355154822469239
2439,0.9630440770874343
2440,0.9536088083100671
2441,0.9682785398194294
2442,0.9703963738489902
2443,0.9631345303334177
2444,0.9753974131528251
2445,0.9285256811263656
2446,0.9540902170940591
2447,0.9283619393754757
2448,0.9098545272749733
2449,0.9573851424546518
2450,0.951250665919092
2451,0.9423463853498195
2452,0.9485196376311632
2453,0.9860618674977154
2454,0.9353806424837738
2455,0.9148923535309736
2456,0.9466501381418925
2457,0.9797617166828754
2458,0.9498822326870298
2459,0.9498225911771545
2460,0.9574186851448225
2461,0.9318629395937414
2462,0.9469778368260198
2463,0.928870654569212
2464,0.9514342003595864
2465,0.9796164477449566
2466,0.9795249398828393
2467,0.9309249684025657
2468,0.9702126869197484
2469,0.9410635370700751
2470,0.9816382048112359
2471,0.9068825195237491
2472,0.8979807397730056
2473,0.9840572868491153
2474,0.8980090789849257
2475,0.9575840144115951
2476,0.9630104529489287
2477,0.9468867623392525
2478,0.9601952183460504
2479,0.9222175830058256
2480,0.953550523614759
2481,0.8921951125306988
2482,0.9408579128110243
2483,0.9389152880639271
2484,0.9608695594199914
2485,0.9647848777297477
2486,0.9659209545756107
2487,0.9700386878824279
2488,0.9813086939553878
2489,0.9369277369855116
2490,0.949902405050592
2491,0.9603671224237215
2492,0.9686807476302506
2493,0.9581775849437592
2494,0.9365038468883404
2495,0.916814306362542
2496,0.9700168324321936
2497,0.9712871249597119
2498,0.96631442441775
2499,0.9286581324066896
2500,0.9199111695811762
2501,0.9108232572645736
2502,0.9489458207555012
2503,0.9502071007838275
2504,0.9342130565859721
2505,0.9585176427487684
2506,0.9437052238423723
2507,0.9319819420817822
2508,0.9699120367247668
2509,0.9756357400250287
2510,0.9605598304548775
2511,0.9257989545899453
2512,0.9333770125411426
2513,0.9301564647155586
2514,0.9485520857869327
2515,0.9348549347070109
2516,0.9350136479355434
2517,0.948775687451269
2518,0.9441045605099422
2519,0.9691674951395549
2520,0.9639443584129634
2521,0.9550372054209545
2522,0.9077461917899763
2523,0.9015051712813682
2524,0.9700849046783704
2525,0.9718353412804874
2526,0.9414871733577979
2527,0.9264280686453108
2528,0.9359428272214528
2529,0.9443753382900396
2530,0.9475124061477592
2531,0.9341498889926693
2532,0.9625294532522713
2533,0.9747313262943611
2534,0.9606820459257516
2535,0.9476799352569013
2536,0.9428899007804292
2537,0.9713462693872512
2538,0.9607731437527381
2539,0.9392399643602324
2540,0.951129240259653
2541,0.908061052568962
2542,0.9238450802060861
2543,0.9261554847029587
2544,0.9780223799256503
2545,0.9688165690351002
2546,0.9568518804456773
2547,0.9775493991553887
2548,0.9327832105767679
2549,0.9461970531359091
2550,0.9277562541881961
2551,0.9404243370903753
2552,0.9593358569228652
2553,0.9716725274828115
2554,0.9420996758458515
2555,0.9481945286618637
2556,0.9725018361413784
2557,0.9366632084188978
2558,0.9288668503928078
2559,0.9815831927070893
2560,0.9540914845133034
2561,0.9127662480949652
2562,0.9364117244380366
2563,0.9109107493044143
2564,0.9239581954141239
2565,0.8767700195656304
2566,0.9714584053258444
2567,0.9412451181593001
2568,0.9429801601247088
2569,0.9567677113613713
2570,0.937752780020789
2571,0.9086318414654766
2572,0.9446920304548034
2573,0.9355178134236315
2574,0.9380752365322146
2575,0.9374177351651815
2576,0.9305163681807559
2577,0.9824039445153158
2578,0.9361924967357276
2579,0.9291585513407065
2580,0.9334457822766261
2581,0.9669360215769066
2582,0.9464613136715622
2583,0.9527909558563822
2584,0.8792367871622813
2585,0.9494644104706317
2586,0.969406850917181
2587,0.9514994121930688
2588,0.9464213392767846
2589,0.9747179119977014
2590,0.9203897224299603
2591,0.930021458570999
2592,0.9606791237849847
2593,0.9367591761534447
2594,0.9522959777812663
2595,0.9628347825670406
2596,0.9186710169048065
2597,0.9678378631331155
2598,0.9078153577978151
2599,0.9339642579720764
2600,0.9590150103476958
2601,0.8966291455239491
2602,0.9460030895148968
2603,0.9644023626626249
2604,0.9706786359549042
2605,0.9418034761158556
2606,0.9470619176824736
2607,0.9622517794344231
2608,0.914537602942676
2609,0.9275441933782538
2610,0.9063594051311145
2611,0.9752541146999718
2612,0.9695534299750316
2613,0.9468593607910882
2614,0.8953839085839936
2615,0.9276428678257551
2616,0.9627162699442079
2617,0.9495806699137934
2618,0.9108642947780257
2619,0.9178120040935068
2620,0.8703514831337907
2621,0.9388915135661213
2622,0.7765441089835041
2623,0.8725431748362958
2624,0.9487967939198706
2625,0.9314558319047765
2626,0.9138050864216953
2627,0.9091059508721313
2628,0.9399763694034036
2629,0.9484842132314566
2630,0.9429833298084327
2631,0.9555541266883909
2632,0.9544041301072985
2633,0.9489348391056581
2634,0.9244714525644877
2635,0.9626794410047202
2636,0.9637827301594448
2637,0.9517043953590967
2638,0.980382476227652
2639,0.9384024972276068
2640,0.8739581607158337
2641,0.9244954135007616
2642,0.9278045156640465
2643,0.9483130498250358
2644,0.9485734259032617
2645,0.9799947529148851
2646,0.9485931639748244
2647,0.962812132329269
2648,0.8112274235492752
2649,0.9421486229472638
2650,0.9435201935708355
2651,0.9684646371485753
2652,0.8969442753030608
2653,0.9653703498816414
2654,0.9430501106051788
2655,0.7421073017169081
2656,0.8012918931110138
2657,0.9524545237067468
2658,0.9548456400035413
2659,0.9241115650909216
2660,0.9684918859610383
2661,0.9136536710424159
2662,0.9430196932530658
2663,0.9679357720656114
2664,0.8091150707292273
2665,0.9490794029153163
2666,0.9197375516308107
2667,0.9689808066563207
2668,0.9637074639316979
2669,0.9347742715061482
2670,0.9701636721034416
2671,0.9679690497934703
2672,0.9675010199944724
2673,0.9484725516465086
2674,0.9668747747376998
2675,0.7801980986003566
2676,0.96690881005896
2677,0.9627733059183806
2678,0.9731810714700029
2679,0.92403360916635
2680,0.9662065953675552
2681,0.9561836382183226
2682,0.9650277631104812
2683,0.9166198583451556
2684,0.986547909506121
2685,0.9728892310280995
2686,0.9510886347899061
2687,0.955569116800033
2688,0.9617672209458559
2689,0.9292695668065919
2690,0.9507863117124368
2691,0.959898915159267
2692,0.9400495489988833
2693,0.9744834216832793
2694,0.8853564364053539
2695,0.9744560700857069
2696,0.9469766303617125
2697,0.9594997207533681
2698,0.9477706913852728
2699,0.8405094207771875
2700,0.9217225992390463
2701,0.9640180750153586
2702,0.9694321930708963
2703,0.928185645306862
2704,0.9595531417846256
2705,0.9253393322576812
2706,0.9613464026869037
2707,0.9494628131049568
2708,0.9598947768507013
2709,0.9593411534860895
2710,0.9635029057013468
2711,0.9453274979698194
2712,0.9823683910730356
2713,0.9784010615294473
2714,0.9362783149839204
2715,0.9436944613407358
2716,0.9131119769711629
2717,0.9422794460291575
2718,0.9441453376736793
2719,0.8802980811934774
2720,0.9498113307146779
2721,0.913635478861689
2722,0.929506740694278
2723,0.9566117707848528
2724,0.9150822495086353
2725,0.8979432865342021
2726,0.9571700526659501
2727,0.9398752330229547
2728,0.9206958510672614
2729,0.9652501643122554
2730,0.9679803182712137
2731,0.983542825364457
2732,0.9477180715767101
2733,0.951281921409861
2734,0.9421640312761101
2735,0.9249095349481159
2736,0.9774915087081731
2737,0.9393821629740337
2738,0.9779764990118248
2739,0.9565654245631294
2740,0.9529048770794613
2741,0.8811688484999209
2742,0.9713703625237153
2743,0.92868930652385
2744,0.9745253211268671
2745,0.9355280312673665
2746,0.9644204696871707
2747,0.917038309189003
2748,0.9092231379647058
2749,0.8876031746568394
2750,0.9713969938845446
2751,0.979315998981654
2752,0.9701532555599454
2753,0.8970570435539598
2754,0.9611566391242143
2755,0.8814267199967292
2756,0.9312753541828901
2757,0.9761219285191173
2758,0.9571131572496115
2759,0.93785265975113
2760,0.9635105154620399
2761,0.9122551845633841
2762,0.9298342498061102
2763,0.9331409048664787
2764,0.9463087638767642
2765,0.9685457686079869
2766,0.9627122415901526
2767,0.9698806113717026
2768,0.9777637081777376
2769,0.936240686186372
2770,0.9746709456677217
2771,0.9071210625795769
2772,0.963879262839601
2773,0.9686654566691175
2774,0.9376932225084844
2775,0.9651297988379157
2776,0.9440072252421364
2777,0.9433728078417404
2778,0.8985473093790066
2779,0.9188359503945879
2780,0.942575036107351
2781,0.746776463522051
2782,0.9450015192035285
2783,0.9689014672671461
2784,0.9545153371504002
2785,0.9214341595514811
2786,0.9827396673133828
2787,0.9744455425339246
2788,0.9310367159242956
2789,0.9482386907285937
2790,0.9481025851256314
2791,0.9534938679455854
2792,0.9266209906926115
2793,0.9379329111278029
2794,0.9343626699403206
2795,0.9584646681655594
2796,0.9280244115666835
2797,0.9303779803764737
2798,0.9742992874659587
2799,0.928778115094068
2800,0.9519886177736102
2801,0.9104390241721136
2802,0.848547791024437
2803,0.9716166139303298
2804,0.9706274867163438
2805,0.9435903918883336
2806,0.9560056748021254
2807,0.9264194219468473
2808,0.9162919844391729
2809,0.9589393718098081
2810,0.9412644911769138
2811,0.9408111235843528
2812,0.8787641102361096
2813,0.9612681598673046
2814,0.9664119666100157
2815,0.9210659362173583
2816,0.9531067100094313
2817,0.9426314188544345
2818,0.9762375680638633
2819,0.9567194998800984
2820,0.972198483735423
2821,0.9621861599610237
2822,0.9533810399780448
2823,0.9811613849680754
2824,0.927559854897304
2825,0.9801038631654926
2826,0.9775982136443784
2827,0.9395369928552634
2828,0.8909027110493294
2829,0.9489991223785452
2830,0.9064162294814255
2831,0.8975349619044592
2832,0.8854513508660299
2833,0.9600305936922089
2834,0.9550337586547865
2835,0.949827956139097
2836,0.8968673677689483
2837,0.8800109121593971
2838,0.9739168658296365
2839,0.9812612719812741
2840,0.9726041784822859
2841,0.9876431924283121
2842,0.9579123189818766
2843,0.9748279160479111
2844,0.9808670295168306
2845,0.9441404196845377
2846,0.8959773997888875
2847,0.9274940050380467
2848,0.9631562462496066
2849,0.9451073533579119
2850,0.9140897694883988
2851,0.8475717462903911
2852,0.9518017953748004
2853,0.9676471290803756
2854,0.9616089158150767
2855,0.9224262965554726
2856,0.9321656687321996
2857,0.9698493385926492
2858,0.9462634115629805
2859,0.9494114195159066
2860,0.9508562144878818
2861,0.9582852085463335
2862,0.9419438757099743
2863,0.9195350565336909
2864,0.9780432177392179
2865,0.9465798566268733
2866,0.9646426452754528
2867,0.9334019464540511
2868,0.9851638325875626
2869,0.9381236725952324
2870,0.9467704865136665
2871,0.96249703257054
2872,0.9880552704640323
2873,0.974607458468492
2874,0.9490943688331831
2875,0.9709181487536507
2876,0.9622973986213449
2877,0.9096957982376673
2878,0.9269352661999215
2879,0.9612343214950916
2880,0.9161236560117691
2881,0.8937396756261913
2882,0.9222525230851378
2883,0.8941310558077394
2884,0.9715633234367672
2885,0.8983473279540075
2886,0.9198053878159128
2887,0.9113454567496265
2888,0.970313014174077
2889,0.9408927816513742
2890,0.97267966334578
2891,0.9108065994300423
2892,0.9545815320154485
2893,0.9437722677326746
2894,0.9823508324708623
2895,0.9044307324398208
2896,0.960036089827241
2897,0.9604449900326296
2898,0.9599869211845687
2899,0.9186785493243498
2900,0.9618674008440301
2901,0.9477049618373133
2902,0.9610811881996051
2903,0.9632293357103504
2904,0.9516534529926186
2905,0.9427099111291365
2906,0.9512121576205673
2907,0.9579736403132458
2908,0.9346293165432699
2909,0.9332140626125861
2910,0.9543307040981331
2911,0.9550323389357209
2912,0.9767774083702835
2913,0.9553209740579056
2914,0.9762459381186435
2915,0.9588272733815225
2916,0.9476499493073511
2917,0.9240520461123566
2918,0.967065928306648
2919,0.9727456745535482
2920,0.894731401147354
2921,0.9263042852650314
2922,0.952533877932629
2923,0.9521850490844047
2924,0.9394982632906678
2925,0.7362296089003811
2926,0.9603950226145292
2927,0.9236090308972954
2928,0.9193774472836559
2929,0.8483317584608429
2930,0.9380654054187161
2931,0.9600006815123396
2932,0.9667388085448767
2933,0.972063281877587
2934,0.9736130611133247
2935,0.9804466007368929
2936,0.9295896530232461
2937,0.9392200411823455
2938,0.8820428242556175
2939,0.9538794321115835
2940,0.9830237907793752
2941,0.9741156812620965
2942,0.9420950547209701
2943,0.9552409351167033
2944,0.9416665527425913
2945,0.9157166186627401
2946,0.9841909759661636
2947,0.9356444186303441
2948,0.9437101054771894
2949,0.9275095656250246
2950,0.9571771596125249
2951,0.9739221990846628
2952,0.9475435621426992
2953,0.8907955419842319
2954,0.956090784691942
2955,0.9604277993688708
2956,0.9020066056781851
2957,0.9767038740963696
2958,0.952741946529418
2959,0.9275357039080319
2960,0.9503193162573293
2961,0.9308777895056118
2962,0.9617650708547544
2963,0.9244752039902175
2964,0.9511952266716729
2965,0.9499714975823812
2966,0.9827419773325891
2967,0.9598843333866164
2968,0.8772140611883946
2969,0.9650589469452654
2970,0.9343253454547376
2971,0.8964618730914341
2972,0.9684596241306314
2973,0.8757149338550493
2974,0.9762057059914713
2975,0.9681736578033546
2976,0.9421430030751115
2977,0.9539822597146252
2978,0.9571389919970464
2979,0.9412853633696264
2980,0.9240479072588919
2981,0.9411133879135917
2982,0.9844588928404078
2983,0.9804348966771325
2984,0.9380459785998518
2985,0.8850199194519095
2986,0.9513604422942523
2987,0.9640364320585413
2988,0.952916873134956
2989,0.9355233269258701
2990,0.9799993217983495
2991,0.9687851523964308
2992,0.9427250431971904
2993,0.934591452990941
2994,0.9527668983738454
2995,0.9504242113494523
2996,0.9524811779219735
2997,0.8523495701923609
2998,0.9322682160770558
2999,0.9434172121930947
3000,0.9756318492128401
3001,0.9210332412337154
3002,0.9149073389955056
3003,0.9429326581827548
3004,0.8871051247433761
3005,0.977435840714398
3006,0.9564353991545921
3007,0.9585143730895601
3008,0.9256275114896998
3009,0.9741410838293159
3010,0.9723013207215545
3011,0.9640027216795002
3012,0.9344765938578354
3013,0.9895297491771968
3014,0.9590481209030921
3015,0.9376968902381198
3016,0.7516190982891308
3017,0.9582625666119671
3018,0.9450978507787523
3019,0.9154607422292371
3020,0.9578209795562902
3021,0.9443087686553175
3022,0.9654863230793193
3023,0.9828327627702138
3024,0.9362447540998184
3025,0.968097877634097
3026,0.9781547776234648
3027,0.9664523407049606
3028,0.9390871744290458
3029,0.9413281723118817
3030,0.9016227798920231
3031,0.9518178490380061
3032,0.9639400668741239
3033,0.8989964669199317
3034,0.924112564926464
3035,0.9478692630507917
3036,0.9347708487659255
3037,0.9377844792122754
3038,0.9530753735774464
3039,0.9377614441122911
3040,0.9076758660676988
3041,0.943150734640312
3042,0.937412993984891
3043,0.9506888875578016
3044,0.9649174407945683
3045,0.956755212569403
3046,0.9690176175698163
3047,0.9526331179974784
3048,0.9572135664857819
3049,0.9380124421444282
3050,0.9783798212552913
3051,0.937852896946628
3052,0.9316073669007383
3053,0.9267056441435257
3054,0.9712931324108125
3055,0.9546341297985962
3056,0.994533370896267
3057,0.964742227965521
3058,0.8568812833972985
3059,0.9323470507553775
3060,0.9558630537744525
3061,0.950928098942784
3062,0.9218878068910396
3063,0.9394826113164929
3064,0.962696127402402
3065,0.9502228265250203
3066,0.9050303095226585
3067,0.9484748085270863
3068,0.8658515202983826
3069,0.8861888384969482
3070,0.9173768662187701
3071,0.9314679227976257
3072,0.9187996533997544
3073,0.8880319722132121
3074,0.95403026517017
3075,0.9874183061802113
3076,0.9554055178631875
3077,0.9316219151727569
3078,0.9802519756300355
3079,0.9449655938103839
3080,0.9534006972602443
3081,0.9324374258984555
3082,0.9602165800851225
3083,0.9651648123300062
3084,0.9730653092020927
3085,0.9656193334831192
3086,0.9407662253264351
3087,0.896873471642375
3088,0.9446154356687161
3089,0.9578432642720434
3090,0.7477610132482202
3091,0.9657495239313166
3092,0.9449860078709033
3093,0.9177543380741512
3094,0.9720020031272725
3095,0.9644501933826184
3096,0.9485622064821033
3097,0.9040921101866045
3098,0.9318773442718838
3099,0.9700348845614998
3100,0.9783743585479767
3101,0.9409494314434214
3102,0.9609840173864419
3103,0.9472685652565235
3104,0.9476882235509503
3105,0.949781275038247
3106,0.8783683601939585
3107,0.8914363227091757
3108,0.978198461725502
3109,0.9052238766637796
3110,0.9152820150335743
3111,0.937916039786369
3112,0.9470565208525339
3113,0.9392113689832537
3114,0.969390548225504
3115,0.9623959663007258
3116,0.9698426284300785
3117,0.9229363566204687
3118,0.967123368300956
3119,0.9372352822814015
3120,0.9566000266977139
3121,0.9618583098103428
3122,0.744667000856284
3123,0.9480721731116206
3124,0.9084397263495652
3125,0.9730103902789553
3126,0.9613446318248138
3127,0.9631780501740159
3128,0.9505981302471191
3129,0.9701789989914362
3130,0.9483850986700212
3131,0.9886321733871487
3132,0.9740356599786243
3133,0.9519062115711494
3134,0.9379331641313008
3135,0.9217610367023091
3136,0.9636270073577676
3137,0.9627847233739247
3138,0.9547122887390115
3139,0.9052304256801115
3140,0.9318142095862328
3141,0.9508414459308375
3142,0.9576828790751936
3143,0.9296764677677487
3144,0.93630078319544
3145,0.9342134534307438
3146,0.9075501635555459
3147,0.9424832913697403
3148,0.9138769388452597
3149,0.9530858817156785
3150,0.9355714049445293
3151,0.9336479113060487
3152,0.965789840766923
3153,0.9545393602492819
3154,0.9384004777897809
3155,0.9682245132542434
3156,0.943681757132052
3157,0.9691475877436504
3158,0.9324459539829565
3159,0.9701523605997384
3160,0.9797433902286581
3161,0.9675766965480795
3162,0.9419572970431767
3163,0.9850650325661027
3164,0.939562201606149
3165,0.9356760198433159
3166,0.9373051025239029
3167,0.9343388078566582
3168,0.9584971102174071
3169,0.9404194901954429
3170,0.9508289693254453
3171,0.9559718118631837
3172,0.9599991369497807
3173,0.9303284120551722
3174,0.9358015998345404
3175,0.9476205402514757
3176,0.9723196488435965
3177,0.9390735856352521
3178,0.9687795363125911
3179,0.8987392683907713
3180,0.9294184170372755
3181,0.9415225333448369
3182,0.9145129143767007
3183,0.9698721389087107
3184,0.9393713593829548
3185,0.8958813124853603
3186,0.914582641563099
3187,0.9216082483441477
3188,0.9717935445699596
3189,0.9483971796475573
3190,0.9805539993142023
3191,0.9182470102514552
3192,0.9616475214527589
3193,0.9552266885512314
3194,0.91116280014083
3195,0.9782923287820806
3196,0.9580549239549714
3197,0.9370855595705511
3198,0.9483346293426853
3199,0.912667968525952
3200,0.9469239138732783
3201,0.9602573223144014
3202,0.9782965966280843
3203,0.8998633824504205
3204,0.920540229183723
3205,0.9040050281597072
3206,0.9698810272309513
3207,0.8401441355173039
3208,0.9480122952020155
3209,0.9847111727383155
3210,0.9344276912282861
3211,0.9506147146795153
3212,0.9589557646547638
3213,0.9460673471677576
3214,0.9465100058897723
3215,0.9685997464048461
3216,0.9619024058075156
3217,0.9644660756755076
3218,0.9565296735134946
3219,0.9539792765024719
3220,0.8276928547472885
3221,0.9260234340376214
3222,0.9270215575040254
3223,0.9687070897276658
3224,0.9337694129086037
3225,0.8786949112134824
3226,0.9488985682297858
3227,0.9384015040968957
3228,0.9645985978451123
3229,0.968005514398244
3230,0.9514724880094817
3231,0.981097949375605
3232,0.9210368179763595
3233,0.9793040783504742
3234,0.9029000117694476
3235,0.9706462197779002
3236,0.9216580190004698
3237,0.9356521494592039
3238,0.9201725722350458
3239,0.9744882108555016
3240,0.9217869873446618
3241,0.930816422920141
3242,0.9689830807122516
3243,0.961416846676803
3244,0.928586206995809
3245,0.960105546190573
3246,0.9435621194868242
3247,0.9513126887339262
3248,0.9731445768229373
3249,0.9659817836578884
3250,0.9024898759125798
3251,0.8971408309952407
3252,0.9281941412815025
3253,0.9159486788834695
3254,0.923429428531841
3255,0.9645380584350787
3256,0.9006031443559366
3257,0.856809749590652
3258,0.9662643232841233
3259,0.8915014389620286
3260,0.9915873702569672
3261,0.9503910941596064
3262,0.9536444451549936
3263,0.8931344226342843
3264,0.8571081303953133
3265,0.9556717240586534
3266,0.9644416662066768
3267,0.9620441321523852
3268,0.9003692964840531
3269,0.9309039557609424
3270,0.9761411960789248
3271,0.891015406777401
3272,0.9479865918650092
3273,0.9681759526855498
3274,0.965550147879066
3275,0.7434566047357337
3276,0.957334091773962
3277,0.9662970177897195
3278,0.9571613004741222
3279,0.9272534549964156
3280,0.963711900538403
3281,0.9835394745667873
3282,0.9143376047426002
3283,0.9403677563748717
3284,0.9615424067160474
3285,0.977890764267924
3286,0.9124230550434722
3287,0.9549308389797901
3288,0.9754210783795512
3289,0.9893329877375376
3290,0.9634302251030578
3291,0.927133395767844
3292,0.9750240121058229
3293,0.935991853177769
3294,0.9782730104030336
3295,0.851068041811801
3296,0.8929830899034207
3297,0.9784943838795653
3298,0.9404857371820066
3299,0.9241919583692466
3300,0.9635473369368995
3301,0.9721499268466196
3302,0.9239563745744843
3303,0.9089098375333673
3304,0.8941047043783017
3305,0.9409061909765597
3306,0.9388833194659865
3307,0.9592795959525832
3308,0.9648409590417121
3309,0.9838968984350817
3310,0.9378432945448592
3311,0.9564795105445701
3312,0.932356030994604
3313,0.9733140912699034
3314,0.9695339599639986
3315,0.9528519646229086
3316,0.9487765319205226
3317,0.8775865145890335
3318,0.9231164179310196
3319,0.9035019318040861
3320,0.9417458978461977
3321,0.9822055040338933
3322,0.9001646045409613
3323,0.9411628921134071
3324,0.9731024659612852
3325,0.9723640107349548
3326,0.9439917529365712
3327,0.9860282434641916
3328,0.9629274572001254
3329,0.9370845925118209
3330,0.9586574260455104
3331,0.8973534635016034
3332,0.9684553661264613
3333,0.957129595546294
3334,0.9562913279472868
3335,0.9478498658229666
3336,0.965798622542887
3337,0.9320240942241014
3338,0.9441188491054824
3339,0.9706312713099005
3340,0.8977658361184584
3341,0.9654613749769927
3342,0.945367633091402
3343,0.9699083566836115
3344,0.930843350190949
3345,0.9323819939203692
3346,0.9709307355936045
3347,0.9727741952286546
3348,0.9229368324743468
3349,0.9542995142608021
3350,0.9761322391313131
3351,0.9367664305832925
3352,0.9291823286400238
3353,0.9496592132564291
3354,0.9758852018136328
3355,0.944456578386217
3356,0.9272757963836887
3357,0.9403995228683335
3358,0.9339628242765241
3359,0.9682984580098621
3360,0.9443263917392491
3361,0.9862032543638783
3362,0.941862053894117
3363,0.9388004541331212
3364,0.9811670738886181
3365,0.900768809085482
3366,0.9493863971704428
3367,0.9542555930431212
3368,0.8803838708033279
3369,0.9717310294097832
3370,0.9758980360874482
3371,0.9586340487709208
3372,0.9798254242137505
3373,0.9495816859978831
3374,0.9586553246505904
3375,0.9335782982006728
3376,0.9565950051403381
3377,0.9756722958529965
3378,0.93675995269385
3379,0.9521709235249062
3380,0.9616605304367262
3381,0.9002811107312223
3382,0.9601640371362852
3383,0.9753730042289708
3384,0.9163564740908915
3385,0.9590858336705964
3386,0.9620448177421947
3387,0.9128580791596982
3388,0.94672653799312
3389,0.922045464864848
3390,0.9412009102949157
3391,0.9672451105521139
3392,0.9660773952576276
3393,0.9717524975500619
3394,0.9268768532452369
3395,0.9613463651528711
3396,0.9597837121171281
3397,0.9359425183387524
3398,0.8987846304054117
3399,0.9283190491404043
3400,0.9226976176973057
3401,0.9294940247881858
3402,0.9485083764755252
3403,1.0
3404,0.958498919687519
3405,0.960624275688817
3406,0.9319208220327545
3407,0.9010831987171646
3408,0.9549808577209321
3409,0.8995702787192854
3410,0.9650310207266343
3411,0.8503455379035764
3412,0.938545265278351
3413,0.9042769171674936
3414,0.9561530082119873
3415,0.9491862762335049
3416,0.919161618764847
3417,0.9397125359948608
3418,0.9487155471791363
3419,0.9613142000330613
3420,0.935158481245781
3421,0.992187087497487
3422,0.9311009211799629
3423,0.9092417812770501
3424,0.9405127526420279
3425,0.9859110132676885
3426,0.9460238847616622
3427,0.9567651282161198
3428,0.9410328010354628
3429,0.9212863916270769
3430,0.9433045904777176
3431,0.9709343342131458
3432,0.9724361736444336
3433,0.95159786690089
3434,0.945502654919442
3435,0.9628158022995544
3436,0.9100531153236668
3437,0.9321324816536728
3438,0.9268802457898074
3439,0.9439304698741652
3440,0.9430746572667056
3441,0.9611412625581583
3442,0.9778441891750196
3443,0.9527387755188613
3444,0.8775682044703587
3445,0.917991062311905
3446,0.8951917438181385
3447,0.9494925977889975
3448,0.9436721906449451
3449,0.9158619181857769
3450,0.9652001440041591
3451,0.964058182334872
3452,0.955745947893348
3453,0.9188373334201816
3454,0.9257581489954648
3455,0.9377541190807076
3456,0.9534135256722129
3457,0.9509329121914053
3458,0.9647637614466937
3459,0.9858500269713679
3460,0.9003236836505472
3461,0.9742168685905442
3462,0.88343443232803
3463,0.9409772988872688
3464,0.953394466434229
3465,0.9570157947518692
3466,0.9601179440216049
3467,0.9730414470139285
3468,0.9216739454193312
3469,0.9464095159819758
3470,0.9336864810116139
3471,0.9514601990322248
3472,0.9559332811639656
3473,0.9633754522178485
3474,0.9352398447019646
3475,0.9515162119563679
3476,0.8749107530711985
3477,0.9454136154913569
3478,0.9466832097144994
3479,0.9487968644403776
3480,0.9836946166625776
3481,0.9468756881012794
3482,0.914170164915466
3483,0.9511450730064074
3484,0.9489724210379489
3485,0.9754199802285181
3486,0.9744956228108026
3487,0.9584832913503419
3488,0.9365232488302645
3489,0.876177444384994
3490,0.9705213500724721
3491,0.9070819417888362
3492,0.9763050558063691
3493,0.8971244829793146
3494,0.9371929096813731
3495,0.9742036103493747
3496,0.9287435949188931
3497,0.9408549851861141
3498,0.9701187019615773
3499,0.9448297563068634
3500,0.9643417116692427
3501,0.9469277727466255
3502,0.8969710747658173
3503,0.9674392812565836
3504,0.9232986268751235
3505,0.9583632409199866
3506,0.9646311440222989
3507,0.9514324981032161
3508,0.9221357292936948
3509,0.9311753850058181
3510,0.953426746974456
3511,0.9632359376366896
3512,0.8998394253118162
3513,0.9424291707932622
3514,0.9562052785630247
3515,0.8841986975519239
3516,0.9857269382196004
3517,0.9287667170169178
3518,0.9669371498178229
3519,0.9334268752970112
3520,0.9740733311860075
3521,0.9522782014751087
3522,0.956633401702066
3523,0.975925963975748
3524,0.9379829233082561
3525,0.9745076939894421
3526,0.974282370772028
3527,0.9430684806384949
3528,0.9303205535599512
3529,0.9509490127681284
3530,0.9822120021091515
3531,0.9515994507361577
3532,0.8960983896091453
3533,0.9203196988254985
3534,0.9514495520802783
3535,0.8874172070080355
3536,0.9745359000555494
3537,0.9737576788746239
3538,0.9376403110611045
3539,0.9583341363489741
3540,0.9497038676126098
3541,0.9500083150405775
3542,0.8842553621236411
3543,0.956877387762456
3544,0.9897019644487169
3545,0.9722437654906027
3546,0.9606163475020499
3547,0.9683323966924273
3548,0.9644483043176234
3549,0.9419011542476199
3550,0.9883304566014307
3551,0.9261329770028088
3552,0.9886192127093477
3553,0.9628906198617263
3554,0.9327586203931658
3555,0.9061556418484339
3556,0.9282557652711405
3557,0.9360658300688237
3558,0.9198870438298101
3559,0.9575123687831164
3560,0.9492302960299264
3561,0.9057167926277562
3562,0.933447380967354
3563,0.925672878262648
3564,0.9564255894056528
3565,0.9023774116941307
3566,0.9576105132973844
3567,0.9414287353561854
3568,0.959740754492694
3569,0.914155902336617
3570,0.706337853614992
3571,0.9197861183784324
3572,0.9510864742863602
3573,0.9226617885559286
3574,0.9571747727836125
3575,0.8723613120492127
3576,0.9770880542491295
3577,0.9529011681423963
3578,0.9090786920179609
3579,0.9675716448930674
3580,0.9213127186290132
3581,0.960228455637137
3582,0.9179062784734004
3583,0.9725119527606079
3584,0.8800868441625632
3585,0.9176515340412601
3586,0.9600105992960717
3587,0.9508323948930112
3588,0.9784613463291388
3589,0.9351461826930417
3590,0.908132417252342
3591,0.9719532454897118
3592,0.914864729607211
3593,0.9574229872694611
3594,0.9656879652296357
3595,0.9330674874641763
3596,0.9519142185270089
3597,0.9456879610115657
3598,0.9097763906842604
3599,0.9055849968451721
3600,0.9636182461796889
3601,0.9462887906225471
3602,0.9000389401072187
3603,0.9713151482293668
3604,0.9270941709421624
3605,0.9699721878328271
3606,0.9278171311284711
3607,0.9542845205610008
3608,0.9182852889256318
3609,0.9754614452934105
3610,0.9250784880313443
3611,0.9785921122097109
3612,0.9626126430946949
3613,0.9449334914807301
3614,0.9837706479758077
3615,0.9211753651172891
3616,0.9462292711341141
3617,0.9373634325669153
3618,0.9688212377189167
3619,0.962406429303214
3620,0.9497321838042105
3621,0.961481210637731
3622,0.9724513080390546
3623,0.9684731329533034
3624,0.9808875325188989
3625,0.9188594369589923
3626,0.9585713733200104
3627,0.9440496279141324
3628,0.9672943515430587
3629,0.9281223294346822
3630,0.9265016041343768
3631,0.9087137018871547
3632,0.9409538008385648
3633,0.9284305486198846
3634,0.8372864662775584
3635,0.9582998253761398
3636,0.9810338969968119
3637,0.9377996275637881
3638,0.951247860169101
3639,0.9395085858902619
3640,0.9840881600744114
3641,0.9508740984966678
3642,0.9566820984161635
3643,0.9749235098314231
3644,0.9292465910175431
3645,0.9704682074745427
3646,0.9743198835959108
3647,0.916483496740121
3648,0.9640532721006796
3649,0.9248247888085432
3650,0.8887739159511578
3651,0.8850973738200837
3652,0.9713950110733569
3653,0.9319711410861566
3654,0.9718079408965737
3655,0.9650565997876277
3656,0.9497383104183126
3657,0.9409117814807005
3658,0.9306202743685331
3659,0.9614653274258906
3660,0.9312590772552285
3661,0.9138092022218216
3662,0.8995269874261463
3663,0.913420153612436
3664,0.9341173999887293
3665,0.9437443886945381
3666,0.9743361105661231
3667,0.9409112228587453
3668,0.944013762975965
3669,0.902698857836834
3670,0.9735105473768814
3671,0.9437180845272692
3672,0.973321982689579
3673,0.9781566851600274
3674,0.954035284565245
3675,0.9733191112873661
3676,0.9345978385145671
3677,0.9465600188790839
3678,0.9282826802947569
3679,0.9148570054981084
3680,0.9518251966165123
3681,0.9122455948869147
3682,0.9634251415720095
3683,0.913844606928568
3684,0.8722510984821066
3685,0.9535886179919124
3686,0.9675558142951398
3687,0.9159717607343422
3688,0.928176893272378
3689,0.9445556365902261
3690,0.9526603004120442
3691,0.9003532637775877
3692,0.9637165451769991
3693,0.9703193547684734
3694,0.9571152705188387
3695,0.9441873426170272
3696,0.9559893336121393
3697,0.9643417116692427
3698,0.9597338358360901
3699,0.9503170099420725
3700,0.9616804291948868
3701,0.9664463396384794
3702,0.9352605026514776
3703,0.9375627843213975
3704,0.96603002357559
3705,0.9244863917940875
3706,0.9429278867709204
3707,0.9765492030132445
3708,0.9660529808330255
3709,0.9380745072165081
3710,0.9713484102354962
3711,0.9483929456479302
3712,0.9236327840321886
3713,0.8948909021716922
3714,0.9019162928865756
3715,0.9467587983800924
3716,0.9443339369625977
3717,0.9476687347712852
3718,0.8053201822361274
3719,0.9009741575766724
3720,0.9643348413882796
3721,0.9330686250459044
3722,0.8863226289307401
3723,0.9201824179571327
3724,0.9825808220663997
3725,0.9497047386005971
3726,0.952994680647991
3727,0.9704690644404471
3728,0.9624994866867879
3729,0.8833880794337367
3730,0.9156315881834498
3731,0.9366347630366926
3732,0.9786849400467404
3733,0.9635418820603963
3734,0.9459723272910008
3735,0.9357364321895724
3736,0.9201935664999317
3737,0.981763116595621
3738,0.9891305285701743
3739,0.9642260564244487
3740,0.9050132580710759
3741,0.9199558370954588
3742,0.8904083224342126
3743,0.9394980562687962
3744,0.9608364013049104
3745,0.9734846295337394
3746,0.9477214976945433
3747,0.9693227473047463
3748,0.9559967835220228
3749,0.9389320291023969
3750,0.9034803307498521
3751,0.9363305478294779
3752,0.9589398352218071
3753,0.9874096912027635
3754,0.947412880612194
3755,0.9749075844225389
3756,0.9758342585097167
3757,0.9134287325655409
3758,0.9696142660667576
3759,0.9754438788467613
3760,0.927407279552247
3761,0.9437985562845927
3762,0.9776221179717035
3763,0.9180152196311987
3764,0.9286819852753229
3765,0.9675051235059623
3766,0.945053256622697
3767,0.9362677838442772
3768,0.9127918466281376
3769,0.9751885675042148
3770,0.9216359901663247
3771,0.9440373341922634
3772,0.9463390473030231
3773,0.9682744059690296
3774,0.9693226986246125
3775,0.970383300145465
3776,0.9613451930045638
3777,0.9208011639910623
3778,0.9326079064958688
3779,0.9612223467149342
3780,0.9430896420957235
3781,0.9527532763874295
3782,0.9481825408410184
3783,0.909914270138132
3784,0.9273262140576081
3785,0.9449316257584571
3786,0.9234956260588559
3787,0.9658836782917872
3788,0.979097878701888
3789,0.9612369176628869
3790,0.950740441080345
3791,0.93591814172761
3792,0.9663526033758923
3793,0.9680856720088487
3794,0.9728958956097992
3795,0.9775339251536622
3796,0.9535724134669509
3797,0.9403503683125394
3798,0.9722529756120184
3799,0.9716353643755944
3800,0.9734592144373106
3801,0.9591388532562998
3802,0.9297520907080348
3803,0.9516457383312166
3804,0.7078100410371639
3805,0.9253838496124149
3806,0.9615159988107552
3807,0.9595917883735965
3808,0.906870472267408
3809,0.9433765482258243
3810,0.9242305820420778
3811,0.9460544612481806
3812,0.9703254502669273
3813,0.9856453840917864
3814,0.9559736853206764
3815,0.984788495136051
3816,0.951089329850567
3817,0.9210813593485434
3818,0.9063049293150987
3819,0.9473351337968536
3820,0.9298593058625865
3821,0.9863399688602476
3822,0.812940899900553
3823,0.9218126058282841
3824,0.9151464459451996
3825,0.9119011256661679
3826,0.9413245176874452
3827,0.9776387003732545
3828,0.9061503879444462
3829,0.91715970329988
3830,0.9385462644245413
3831,0.9620307333313833
3832,0.9585784901728583
3833,0.9641098852083759
3834,0.9598421074528038
3835,0.9496461417788374
3836,0.9501262018152602
3837,0.940014542984786
3838,0.9751317505197533
3839,0.9623328566111223
3840,0.8534952975527613
3841,0.9450773862526495
3842,0.9175950686350633
3843,0.9431050332652913
3844,0.9325017425131382
3845,0.9450685258725683
3846,0.9790919313721108
3847,0.9807611897331556
3848,0.9767426090126624
3849,0.936831467022278
3850,0.9315983230124133
3851,0.9663811768676649
3852,0.9418751324042322
3853,0.9242704875608961
3854,0.9182622760569358
3855,0.9816658769056246
3856,0.9620723422809381
3857,0.9226276427164462
3858,0.9755852755377387
3859,0.9864595209329458
3860,0.944122320771379
3861,0.9615725589181294
3862,0.9588489817753731
3863,0.8917051858625821
3864,0.933755976828349
3865,0.9350152482170618
3866,0.9229515388324986
3867,0.8967687898408143
3868,0.9684688359730602
3869,0.939600037076462
3870,0.9491351852517839
3871,0.9649431568509798
3872,0.9585414668026928
3873,0.9068995071642643
3874,0.9684786566076711
3875,0.9560009747726903
3876,0.9324945583854901
3877,0.9638693718716359
3878,0.9890129789052892
3879,0.9778783612791735
3880,0.9580054577467731
3881,0.963151365303895
3882,0.9660943120090333
3883,0.8576148434508789
3884,0.9205622636776025
3885,0.9454333986340937
3886,0.9650636304412121
3887,0.9033272853022741
3888,0.9362286305951478
3889,0.9045044478465583
3890,0.9612449552663641
3891,0.9790462097588731
3892,0.9389421734773283
3893,0.912727924784821
3894,0.9670190981041458
3895,0.9410554416801941
3896,0.9303091525085615
3897,0.9671819096396572
3898,0.9444192508209066
3899,0.9189271125906429
3900,0.9388521242382173
3901,0.9669014257530919
3902,0.9401071171294616
3903,0.9484454026445376
3904,0.9069545150451572
3905,0.9694948077803057
3906,0.947946364968981
3907,0.9490480161348133
3908,0.9693696842889666
3909,0.9546011334992712
3910,0.9517734620723849
3911,0.9612606707978424
3912,0.9707594098425992
3913,0.9430382667147865
3914,0.9661947019305179
3915,0.9659298870566927
3916,0.951852071840887
3917,0.9202753725470683
3918,0.9482990019751313
3919,0.9093544432716787
3920,0.8611336716928921
3921,0.9816075751679121
3922,0.9588767674378756
3923,0.9419764266326253
3924,0.9712851614592922
3925,0.9104658717672098
3926,0.9305407684252122
3927,0.9825275101613516
3928,0.9531623147534285
3929,0.956341420587212
3930,0.931117026545557
3931,0.964026407204018
3932,0.9239452417446614
3933,0.9426628331073845
3934,0.9695394768465341
3935,0.9456705193126934
3936,0.9353980080991389
3937,0.989550871174139
3938,0.9793948373321429
3939,0.9689790141389734
3940,0.9504687832921604
3941,0.9288688559841982
3942,0.9328899102743002
3943,0.9263806509689904
3944,0.9686368289891223
3945,0.9625943764318715
3946,0.9573319314781292
3947,0.96357244139994
3948,0.9520800627813834
3949,0.9584076710568412
3950,0.9735237053614858
3951,0.9328942846917516
3952,0.9262106017799002
3953,0.950907352662219
3954,0.9153706806138594
3955,0.8969162794923706
3956,0.9502898909906287
3957,0.9418650169995433
3958,0.9689223472886352
3959,0.9578841601405833
3960,0.9563182715482536
3961,0.8278506116669342
3962,0.9572419614819276
3963,0.957271265561526
3964,0.9468596400751864
3965,0.9237724748399941
3966,0.9543319544773052
3967,0.9225979865680536
3968,0.9601495173900965
3969,0.9664405665373847
3970,0.9447249133612368
3971,0.9240090703430857
3972,0.9264080384987577
3973,0.924089816270558
3974,0.955949825692331
3975,0.8085658834099767
3976,0.9325315267248934
3977,0.9543566866872664
3978,0.9752030507540845
3979,0.9093907767915906
3980,0.9167241931994787
3981,0.9197220078063426
3982,0.969799500516052
3983,0.9661609095778304
3984,0.9548087545655387
3985,0.9666250384013396
3986,0.9643084328825057
3987,0.9356011228078025
3988,0.9299834307759428
3989,0.9497588505849675
3990,0.985354252631746
3991,0.9243412349544304
3992,0.9093700274515271
3993,0.9229273984920595
3994,0.8927689796928687
3995,0.9627523835210391
3996,0.9676599801825828
3997,0.9247125363215392
3998,0.9363455799394675
3999,0.9418851225606347
4000,0.9714091508610887
4001,0.9359842425203015
4002,0.876696595758355
4003,0.9477692613615467
4004,0.9095085150478769
4005,0.9594888585230882
4006,0.926901934859248
4007,0.9434925169142844
4008,0.925052498238774
4009,0.9574496039553911
4010,0.9519634075874733
4011,0.9746447719764759
4012,0.9315108544641365
4013,0.9520915140430672
4014,0.8924164571006641
4015,0.9286435802425458
4016,0.9240443350055996
4017,0.949809901865827
4018,0.960853112814721
4019,0.9136344521909621
4020,0.944786805937762
4021,0.9096335728072287
4022,0.9329872705008654
